index,udsVentaT,lag1,lag2,lag3,lag4,lag5,lag6,lag7,diff1,diff2,sku
udsVentaT,1.0,0.09113015507353561,0.15416145093634726,0.12037518697139454,0.11014078949796151,0.10671264593717833,0.03691626020783258,0.38282722095484395,0.6745309081195296,0.6500648767536954,1
lag1,0.09113015507353561,1.0,0.08838471575796801,0.15703735420382647,0.1190220803009723,0.11169290522264959,0.1061021859886643,0.03966967777643678,-0.6737046503747168,0.0020707745331539993,1
lag2,0.15416145093634726,0.08838471575796801,1.0,0.08688625149878293,0.1569530798735499,0.12128224538768285,0.10744501704217227,0.10457673152299164,0.048879090914196836,-0.6505799263025284,1
lag3,0.12037518697139454,0.15703735420382647,0.08688625149878293,1.0,0.08735796885051024,0.1547602776228555,0.1243727863461376,0.10744501704217228,-0.027087657844237036,0.0257016999347858,1
lag4,0.11014078949796151,0.1190220803009723,0.1569530798735499,0.08735796885051024,1.0,0.08861585987501978,0.15323471700883096,0.12485236443936387,-0.006500574751692072,-0.036051193977849394,1
lag5,0.10671264593717833,0.11169290522264959,0.12128224538768285,0.1547602776228555,0.08861585987501978,1.0,0.0887803216986669,0.15104251276957703,-0.0036112139669907638,-0.011252698626426184,1
lag6,0.03691626020783258,0.1061021859886643,0.10744501704217227,0.1243727863461376,0.15323471700883096,0.0887803216986669,1.0,0.09188806457399049,-0.051261737098781374,-0.05425819834326855,1
lag7,0.38282722095484395,0.03966967777643678,0.10457673152299164,0.10744501704217228,0.12485236443936387,0.15104251276957703,0.09188806457399049,1.0,0.2546833214038833,0.21382394924060713,1
diff1,0.6745309081195296,-0.6737046503747168,0.048879090914196836,-0.027087657844237036,-0.006500574751692072,-0.0036112139669907638,-0.051261737098781374,0.2546833214038833,1.0,0.4808705678945899,1
diff2,0.6500648767536954,0.0020707745331539993,-0.6505799263025284,0.0257016999347858,-0.036051193977849394,-0.011252698626426184,-0.05425819834326855,0.21382394924060713,0.4808705678945899,1.0,1
udsVentaT,1.0,0.11118314400364061,0.14924986679442956,0.18099623800272405,0.18801499127325505,0.13894416786360939,0.08495701823541955,0.4750250031447492,0.6667361764506401,0.6524806901539926,2
lag1,0.11118314400364061,1.0,0.11063242296300063,0.1484571261281164,0.18064935752843692,0.18706382891864473,0.13840992616555084,0.08558942899270158,-0.6665431199386881,0.0004748681593903977,2
lag2,0.14924986679442956,0.11063242296300063,1.0,0.10966440181826848,0.1481257507514521,0.17903270040359562,0.18669194682851906,0.13964977159008798,0.028986832164939927,-0.6519349053906515,2
lag3,0.18099623800272405,0.1484571261281164,0.10966440181826848,1.0,0.1093519811949652,0.14518433458598606,0.1790305428350045,0.18920967215250398,0.02443394213586792,0.05475391087495819,2
lag4,0.18801499127325505,0.18064935752843692,0.1481257507514521,0.1093519811949652,1.0,0.10745014181688907,0.1454711060434239,0.18041606710495453,0.005556474906975692,0.03065997575970144,2
lag5,0.13894416786360939,0.18706382891864473,0.17903270040359562,0.14518433458598606,0.10745014181688907,1.0,0.10376332146477987,0.14284529889239223,-0.036062887630921525,-0.0306574364145868,2
lag6,0.08495701823541955,0.13840992616555084,0.18669194682851906,0.1790305428350045,0.1454711060434239,0.10376332146477987,1.0,0.10662395444518723,-0.040071901242485906,-0.07792821248862958,2
lag7,0.4750250031447492,0.08558942899270158,0.13964977159008798,0.18920967215250398,0.18041606710495453,0.14284529889239223,0.10662395444518723,1.0,0.29213721385650143,0.25725357523276826,2
diff1,0.6667361764506401,-0.6665431199386881,0.028986832164939927,0.02443394213586792,0.005556474906975692,-0.036062887630921525,-0.040071901242485906,0.29213721385650143,1.0,0.48908089944190725,2
diff2,0.6524806901539926,0.0004748681593903977,-0.6519349053906515,0.05475391087495819,0.03065997575970144,-0.0306574364145868,-0.07792821248862958,0.25725357523276826,0.48908089944190725,1.0,2
udsVentaT,1.0,0.11851182149402144,0.2232074409359467,0.16473138967413842,0.11981743043794453,0.1044187944165653,0.04986115849554942,0.2656218471465785,0.6641270933575665,0.6217509496816344,3
lag1,0.11851182149402144,1.0,0.11826776260046423,0.22127928088657695,0.163224267054179,0.11894664048678032,0.10302538670957595,0.04782032215288037,-0.6636440364369718,-8.728111894766065e-05,3
lag2,0.2232074409359467,0.11826776260046423,1.0,0.11293085349542775,0.2177000861855351,0.16376911218250242,0.11666453676337386,0.09771087341919561,0.07910819208012596,-0.624675817283667,3
lag3,0.16473138967413842,0.22127928088657695,0.11293085349542775,1.0,0.11217697258225093,0.215315990144089,0.1626538010516892,0.11666453676337386,-0.04250522462806321,0.0412271187808579,3
lag4,0.11981743043794453,0.163224267054179,0.2177000861855351,0.11217697258225093,1.0,0.1104060113104962,0.21424277708357928,0.16192376652902343,-0.032630382386554815,-0.0789338633571093,3
lag5,0.1044187944165653,0.11894664048678032,0.16376911218250242,0.215315990144089,0.1104060113104962,1.0,0.10892974352525528,0.21184160664633028,-0.010893294732627916,-0.047936841434154866,3
lag6,0.04986115849554942,0.10302538670957595,0.11666453676337386,0.1626538010516892,0.21424277708357928,0.10892974352525528,1.0,0.10776763876401586,-0.04000718689842384,-0.05379481736591432,3
lag7,0.2656218471465785,0.04782032215288037,0.09771087341919561,0.11666453676337386,0.16192376652902343,0.21184160664633028,0.10776763876401586,1.0,0.16410310939063377,0.1342790083489377,3
diff1,0.6641270933575665,-0.6636440364369718,0.07910819208012596,-0.04250522462806321,-0.032630382386554815,-0.010893294732627916,-0.04000718689842384,0.16410310939063377,1.0,0.4684665847146099,3
diff2,0.6217509496816344,-8.728111894766065e-05,-0.624675817283667,0.0412271187808579,-0.0789338633571093,-0.047936841434154866,-0.05379481736591432,0.1342790083489377,0.4684665847146099,1.0,3
udsVentaT,1.0,0.0828556757709504,0.17536198001301892,0.12813797437737592,0.09985389863291287,0.1367342838057945,-0.01787911437245113,0.32041446353162345,0.677383780824872,0.6418290982553041,4
lag1,0.0828556757709504,1.0,0.0793928538223531,0.17482578898015375,0.12298517505769778,0.09640044879602552,0.13216893883722433,-0.01851700777953546,-0.6769752953187645,0.0026561461725018417,4
lag2,0.17536198001301892,0.0793928538223531,1.0,0.07492613437984785,0.17886349652553188,0.12494893884669984,0.10006374222251542,0.12762104223778095,0.07090748547337158,-0.6424122347483486,4
lag3,0.12813797437737592,0.17482578898015375,0.07492613437984785,1.0,0.06833543288843383,0.1743187275758958,0.11895549115648965,0.10006374222251539,-0.03441511119285961,0.04138407576420813,4
lag4,0.09985389863291287,0.12298517505769778,0.17886349652553188,0.06833543288843383,1.0,0.07293701474660334,0.18104399845877597,0.11211761525056828,-0.017037099159413,-0.061591522985755175,4
lag5,0.1367342838057945,0.09640044879602552,0.12494893884669984,0.1743187275758958,0.07293701474660334,1.0,0.0766337553724001,0.17647634817259167,0.0298247247933339,0.009111976496667996,4
lag6,-0.01787911437245113,0.13216893883722433,0.10006374222251542,0.11895549115648965,0.18104399845877597,0.0766337553724001,1.0,0.07077660950332118,-0.1107674092398018,-0.0918589198799242,4
lag7,0.32041446353162345,-0.01851700777953546,0.12762104223778095,0.10006374222251539,0.11211761525056828,0.17647634817259167,0.07077660950332118,1.0,0.2503092212275725,0.15001125908337398,4
diff1,0.677383780824872,-0.6769752953187645,0.07090748547337158,-0.03441511119285961,-0.017037099159413,0.0298247247933339,-0.1107674092398018,0.2503092212275725,1.0,0.4720591085246042,4
diff2,0.6418290982553041,0.0026561461725018417,-0.6424122347483486,0.04138407576420813,-0.061591522985755175,0.009111976496667996,-0.0918589198799242,0.15001125908337398,0.4720591085246042,1.0,4
udsVentaT,1.0,0.1986166996372436,0.17117366780082327,0.09713810938961354,0.07242673419097719,0.09504906252616001,0.045679757303195664,0.29539252090133267,0.6332069435084867,0.6441313238583214,5
lag1,0.1986166996372436,1.0,0.1961168730544618,0.17073996622328189,0.0953143621469951,0.07019755095520507,0.09457959935900884,0.04518892341705564,-0.6327971988526144,0.0020703982287088494,5
lag2,0.17117366780082327,0.1961168730544618,1.0,0.19314874105904742,0.16939093465598243,0.0942206189866312,0.06716125674087675,0.09155323853405226,-0.019639529213743755,-0.643367123172307,5
lag3,0.09713810938961354,0.17073996622328189,0.19314874105904742,1.0,0.1912816777693419,0.16696857104808457,0.0942206189866312,0.06716125674087674,-0.058091346591089554,-0.07447672845047097,5
lag4,0.07242673419097719,0.0953143621469951,0.16939093465598243,0.1912816777693419,1.0,0.18992968721675188,0.1650676600156432,0.09225691743004567,-0.01804996367382203,-0.07523317839157367,5
lag5,0.09504906252616001,0.07019755095520507,0.0942206189866312,0.16696857104808457,0.18992968721675188,1.0,0.1875080036359464,0.1626281169555089,0.019658124952361095,0.0007052019394785665,5
lag6,0.045679757303195664,0.09457959935900884,0.06716125674087675,0.0942206189866312,0.1650676600156432,0.1875080036359464,1.0,0.18750800363594639,-0.03860136488465727,-0.016647860866221987,5
lag7,0.29539252090133267,0.04518892341705564,0.09155323853405226,0.06716125674087674,0.09225691743004567,0.1626281169555089,0.18750800363594639,1.0,0.197690726405488,0.15844816688950214,5
diff1,0.6332069435084867,-0.6327971988526144,-0.019639529213743755,-0.058091346591089554,-0.01804996367382203,0.019658124952361095,-0.03860136488465727,0.197690726405488,1.0,0.507265885679676,5
diff2,0.6441313238583214,0.0020703982287088494,-0.643367123172307,-0.07447672845047097,-0.07523317839157367,0.0007052019394785665,-0.016647860866221987,0.15844816688950214,0.507265885679676,1.0,5
udsVentaT,1.0,0.11773884333595104,0.10782796142533083,0.1543459237261015,0.16235787920418526,0.08581247224748761,0.027974135966357137,0.28490595395774326,0.6643123069959097,0.6678967130382776,6
lag1,0.11773884333595104,1.0,0.11773884333595108,0.10602936540323708,0.15498270175194342,0.16326465409384655,0.0880930237268597,0.027765547186136514,-0.66404090476177,9.111955614622e-18,6
lag2,0.10782796142533083,0.11773884333595108,1.0,0.11953366316525973,0.10264788941030689,0.15462825897501836,0.16134641894279603,0.0890421466386738,-0.007433643462797849,-0.6678967130382776,6
lag3,0.1543459237261015,0.10602936540323708,0.11953366316525973,1.0,0.11469797175050778,0.1039036477200782,0.1553439360201678,0.16364556021869722,0.03640488638251407,0.026061110858354206,6
lag4,0.16235787920418526,0.15498270175194342,0.10264788941030689,0.11469797175050778,1.0,0.11414374815837929,0.10762190916986498,0.1502510727526123,0.005590647893921272,0.04470001770352829,6
lag5,0.08581247224748761,0.16326465409384655,0.15462825897501836,0.1039036477200782,0.11414374815837929,1.0,0.11269045694183256,0.10722032056112885,-0.05827667645744677,-0.05151678798843457,6
lag6,0.027974135966357137,0.0880930237268597,0.16134641894279603,0.1553439360201678,0.10762190916986498,0.11269045694183256,1.0,0.11011389093637132,-0.04524411652318347,-0.09984499127846051,6
lag7,0.28490595395774326,0.027765547186136514,0.0890421466386738,0.16364556021869722,0.1502510727526123,0.10722032056112885,0.11011389093637132,1.0,0.193616291895096,0.1466273178887793,6
diff1,0.6643123069959097,-0.66404090476177,-0.007433643462797849,0.03640488638251407,0.005590647893921272,-0.05827667645744677,-0.04524411652318347,0.193616291895096,1.0,0.5028816112920516,6
diff2,0.6678967130382776,9.111955614622e-18,-0.6678967130382776,0.026061110858354206,0.04470001770352829,-0.05151678798843457,-0.09984499127846051,0.1466273178887793,0.5028816112920516,1.0,6
udsVentaT,1.0,0.16803496659056538,-0.0491114091778871,0.005606047217960063,0.033118781855396545,-0.022232514078083538,0.14048574962474467,0.4724051775372605,0.6443958834086235,0.7236982334428136,7
lag1,0.16803496659056538,1.0,0.1656069310736567,-0.045327432977166765,0.002858520743446313,0.030266187890529095,-0.02402064500485642,0.14325157266853436,-0.6455378892644631,0.0014784235862484207,7
lag2,-0.0491114091778871,0.1656069310736567,1.0,0.16460129796886586,-0.045033201347913804,0.004675855095720387,0.031445243249912276,-0.025511702967587216,-0.16651372831556796,-0.7248256414080773,7
lag3,0.005606047217960063,-0.045327432977166765,0.16460129796886586,1.0,0.1656580040427412,-0.04776029154626353,0.002815097039892381,0.03326184414728469,0.039504741182218216,-0.10986446699455686,7
lag4,0.033118781855396545,0.002858520743446313,-0.045033201347913804,0.1656580040427412,1.0,0.1673950009965764,-0.04654110074504395,0.0019107904339628306,0.02344117022442935,0.05395987140635406,7
lag5,-0.022232514078083538,0.030266187890529095,0.004675855095720387,-0.04776029154626353,0.1673950009965764,1.0,0.1688751764806217,-0.04919304093722493,-0.04070266222911826,-0.018565986765543434,7
lag6,0.14048574962474467,-0.02402064500485642,0.031445243249912276,0.002815097039892381,-0.04654110074504395,0.1688751764806217,1.0,0.16672323251005833,0.12747387816694297,0.07517500837939212,7
lag7,0.4724051775372605,0.14325157266853436,-0.025511702967587216,0.03326184414728469,0.0019107904339628306,-0.04919304093722493,0.16672323251005833,1.0,0.25486982243473283,0.3434757299704444,7
diff1,0.6443958834086235,-0.6455378892644631,-0.16651372831556796,0.039504741182218216,0.02344117022442935,-0.04070266222911826,0.12747387816694297,0.25486982243473283,1.0,0.5595342410783011,7
diff2,0.7236982334428136,0.0014784235862484207,-0.7248256414080773,-0.10986446699455686,0.05395987140635406,-0.018565986765543434,0.07517500837939212,0.3434757299704444,0.5595342410783011,1.0,7
udsVentaT,1.0,0.09540724658146246,0.1463413136303995,0.039066777082464046,0.024166701459146383,0.11997833145280892,0.0703120933739014,0.2467166224314658,0.6727688982009038,0.6529876417401924,8
lag1,0.09540724658146246,1.0,0.09402398483801892,0.14531525805122678,0.037250118891765424,0.02249229406836977,0.11872610170547765,0.06924153966327747,-0.6722906982467641,0.0010034325922236198,8
lag2,0.1463413136303995,0.09402398483801892,1.0,0.09056572004402656,0.1513668129045218,0.044377924767390824,0.024047841617811355,0.11523501628187924,0.03894838042808253,-0.6536557833394077,8
lag3,0.039066777082464046,0.14531525805122678,0.09056572004402656,1.0,0.08366111914827566,0.1439776911546118,0.04163635935131722,0.024047841617811358,-0.07895139881886641,-0.03945092766916874,8
lag4,0.024166701459146383,0.037250118891765424,0.1513668129045218,0.08366111914827566,1.0,0.10066812373326715,0.1476854744810714,0.03519422579669108,-0.009713610135272048,-0.0973998912371402,8
lag5,0.11997833145280892,0.02249229406836977,0.044377924767390824,0.1439776911546118,0.10066812373326715,1.0,0.10475588520418787,0.14033112523462446,0.07250820396458188,0.05781057467926904,8
lag6,0.0703120933739014,0.11872610170547765,0.024047841617811355,0.04163635935131722,0.1476854744810714,0.10475588520418787,1.0,0.10199032991851653,-0.035952684287241375,0.03537943930344297,8
lag7,0.2467166224314658,0.06924153966327747,0.11523501628187924,0.024047841617811358,0.03519422579669108,0.14033112523462446,0.10199032991851653,1.0,0.13201483991112412,0.10051996718679729,8
diff1,0.6727688982009038,-0.6722906982467641,0.03894838042808253,-0.07895139881886641,-0.009713610135272048,0.07250820396458188,-0.035952684287241375,0.13201483991112412,1.0,0.48486784519456916,8
diff2,0.6529876417401924,0.0010034325922236198,-0.6536557833394077,-0.03945092766916874,-0.0973998912371402,0.05781057467926904,0.03537943930344297,0.10051996718679729,0.48486784519456916,1.0,8
udsVentaT,1.0,0.13663740979579383,-0.017662803576078894,0.11681811613130984,0.1643045966597497,-0.007100312542114444,0.05325494335523737,0.275378650929204,0.6571188862958149,0.7119292775858138,9
lag1,0.13663740979579383,1.0,0.13585266198762855,-0.01847224062844246,0.1163762218493295,0.165966271902849,-0.004580184731102066,0.05409112404454567,-0.6569302579077743,0.00016351951254385192,9
lag2,-0.017662803576078894,0.13585266198762855,1.0,0.13332409283797175,-0.01690729943881456,0.12119377046891652,0.17477754734026354,-0.008180630663582078,-0.11681646533794811,-0.7147162847110784,9
lag3,0.11681811613130984,-0.01847224062844246,0.13332409283797175,1.0,0.13221768435498077,-0.015155195404326586,0.12504145604992883,0.17712538860540503,0.10296500583797653,-0.011924576804909801,9
lag4,0.1643045966597497,0.1163762218493295,-0.01690729943881456,0.13221768435498077,1.0,0.1348422374132265,-0.01092102037713405,0.12512145828672158,0.036497096292521077,0.12680996917143925,9
lag5,-0.007100312542114444,0.165966271902849,0.12119377046891652,-0.015155195404326586,0.1348422374132265,1.0,0.13104172544876286,-0.01573983129860306,-0.13169161938733553,-0.09008858219732993,9
lag6,0.05325494335523737,-0.004580184731102066,0.17477754734026354,0.12504145604992883,-0.01092102037713405,0.13104172544876286,1.0,0.12318311070302164,0.04401694921247284,-0.08550379622049009,9
lag7,0.275378650929204,0.05409112404454567,-0.008180630663582078,0.17712538860540503,0.12512145828672158,-0.01573983129860306,0.12318311070302164,1.0,0.16842859203540467,0.19837962395645223,9
diff1,0.6571188862958149,-0.6569302579077743,-0.11681646533794811,0.10296500583797653,0.036497096292521077,-0.13169161938733553,0.04401694921247284,0.16842859203540467,1.0,0.5417174793291576,9
diff2,0.7119292775858138,0.00016351951254385192,-0.7147162847110784,-0.011924576804909801,0.12680996917143925,-0.09008858219732993,-0.08550379622049009,0.19837962395645223,0.5417174793291576,1.0,9
udsVentaT,1.0,0.06585300275142482,0.07202432489465459,0.14022186471848289,0.08172879001021177,0.08436453247322298,0.006519907693160805,0.2627931905483804,0.683665461136361,0.6814729911194978,10
lag1,0.06585300275142482,1.0,0.06459920432309658,0.07202316730654292,0.14022133289750144,0.08248716796693607,0.08433249939296304,0.009669217992331634,-0.6831899797758593,0.0009576319004811938,10
lag2,0.07202432489465459,0.06459920432309658,1.0,0.06343322624230595,0.07085576144040014,0.1405255084448641,0.0823341245143834,0.0849954091820796,0.005462738287193147,-0.6808599435493946,10
lag3,0.14022186471848289,0.07202316730654292,0.06343322624230595,1.0,0.06457587529342818,0.07133782948265809,0.14052312312621465,0.08528215038802486,0.04994193049022452,0.056423766299509945,10
lag4,0.08172879001021177,0.14022133289750144,0.07085576144040014,0.06457587529342818,1.0,0.06506043969015268,0.07137774735605633,0.14345838222198964,-0.042743999699416335,0.008024810164951287,10
lag5,0.08436453247322298,0.08248716796693607,0.1405255084448641,0.07133782948265809,0.06506043969015268,1.0,0.06514979786659193,0.07086713376352609,0.0014107080946005456,-0.04115980969296078,10
lag6,0.006519907693160805,0.08433249939296304,0.0823341245143834,0.14052312312621465,0.07137774735605633,0.06514979786659193,1.0,0.06559736629607225,-0.05690790850842843,-0.05562486976716117,10
lag7,0.2627931905483804,0.009669217992331634,0.0849954091820796,0.08528215038802486,0.14345838222198964,0.07086713376352609,0.06559736629607225,1.0,0.1852478370716487,0.1306092074510719,10
diff1,0.683665461136361,-0.6831899797758593,0.005462738287193147,0.04994193049022452,-0.042743999699416335,0.0014107080946005456,-0.05690790850842843,0.1852478370716487,1.0,0.49802146301734207,10
diff2,0.6814729911194978,0.0009576319004811938,-0.6808599435493946,0.056423766299509945,0.008024810164951287,-0.04115980969296078,-0.05562486976716117,0.1306092074510719,0.49802146301734207,1.0,10
udsVentaT,1.0,0.032520134437618184,0.09039881091851912,0.16318875320836093,0.11644008528943538,0.09289517943017629,0.014767358342144488,0.370616557154431,0.6955141499503761,0.673991231278725,11
lag1,0.032520134437618184,1.0,0.028907379027602126,0.08673402543187117,0.1618729613540158,0.11357278651292745,0.08840349460643174,0.014767358342144495,-0.6955141499503739,0.002656133368325901,11
lag2,0.09039881091851912,0.028907379027602126,1.0,0.030801169823568782,0.0853230147230058,0.16253265027123082,0.11623269094160191,0.0846873105331035,0.044205737507500224,-0.6747866786603595,11
lag3,0.16318875320836093,0.08673402543187117,0.030801169823568782,1.0,0.02940167789610851,0.08604974326497387,0.16501924099572246,0.11249448335945451,0.05496274071630686,0.09808294400035018,11
lag4,0.11644008528943538,0.1618729613540158,0.0853230147230058,0.02940167789610851,1.0,0.028012786428077488,0.08452747530812542,0.16368536894018487,-0.032661359993770255,0.022996966656727354,11
lag5,0.09289517943017629,0.11357278651292745,0.16253265027123082,0.08604974326497387,0.028012786428077488,1.0,0.029471333134673604,0.08162237117307154,-0.014864979443068483,-0.05172320242542522,11
lag6,0.014767358342144488,0.08840349460643174,0.11623269094160191,0.16501924099572246,0.08452747530812542,0.029471333134673604,1.0,0.02506192771308466,-0.0529364760368575,-0.07527536609035404,11
lag7,0.370616557154431,0.014767358342144495,0.0846873105331035,0.11249448335945451,0.16368536894018487,0.08162237117307154,0.02506192771308466,1.0,0.255817368228723,0.21182521361576234,11
diff1,0.6955141499503761,-0.6955141499503739,0.044205737507500224,0.05496274071630686,-0.032661359993770255,-0.014864979443068483,-0.0529364760368575,0.255817368228723,1.0,0.48261785756501047,11
diff2,0.673991231278725,0.002656133368325901,-0.6747866786603595,0.09808294400035018,0.022996966656727354,-0.05172320242542522,-0.07527536609035404,0.21182521361576234,0.48261785756501047,1.0,11
udsVentaT,1.0,0.14501758380025895,0.16174745085988163,0.1095130967305695,0.06948157229132246,0.10571624038436553,0.013109859945212052,0.15570786845056414,0.6526650788493836,0.6462166697018463,12
lag1,0.14501758380025895,1.0,0.1463717355931839,0.16463035015569752,0.11569199707491296,0.07096360839473709,0.1079010341269596,0.007680359855361168,-0.654989614730337,-0.0013423512804623802,12
lag2,0.16174745085988163,0.1463717355931839,1.0,0.1470472094432373,0.16644902756156582,0.11561965727426048,0.0717162191261819,0.10430658066349544,0.011445449195001546,-0.6485810228843103,12
lag3,0.1095130967305695,0.16463035015569752,0.1470472094432373,1.0,0.15094999484579943,0.1670524807677917,0.117072346490328,0.06714887163121971,-0.042427874419026734,-0.02924940157808668,12
lag4,0.06948157229132246,0.11569199707491296,0.16644902756156582,0.15094999484579943,1.0,0.15274799653237783,0.16953738881164881,0.11028372500370434,-0.03552628005642434,-0.0751299425269295,12
lag5,0.10571624038436553,0.07096360839473709,0.11561965727426048,0.1670524807677917,0.15274799653237783,1.0,0.15342305266393313,0.1659711966678086,0.026396902201625206,-0.007873830703681285,12
lag6,0.013109859945212052,0.1079010341269596,0.0717162191261819,0.117072346490328,0.16953738881164881,0.15342305266393313,1.0,0.15064964628276156,-0.07261211650993109,-0.045349155713272006,12
lag7,0.15570786845056414,0.007680359855361168,0.10430658066349544,0.06714887163121971,0.11028372500370434,0.1659711966678086,0.15064964628276156,1.0,0.11303464577863978,0.03943363359688724,12
diff1,0.6526650788493836,-0.654989614730337,0.011445449195001546,-0.042427874419026734,-0.03552628005642434,0.026396902201625206,-0.07261211650993109,0.11303464577863978,1.0,0.49455067830862587,12
diff2,0.6462166697018463,-0.0013423512804623802,-0.6485810228843103,-0.02924940157808668,-0.0751299425269295,-0.007873830703681285,-0.045349155713272006,0.03943363359688724,0.49455067830862587,1.0,12
udsVentaT,1.0,0.032712907567384,0.03125080297648491,-0.03610400613152256,0.02052021143347288,0.009534523199460259,0.05730107982937853,0.22344737752819616,0.6951521396875182,0.6944589773849039,13
lag1,0.032712907567384,1.0,0.02929896558276187,0.03408831288819179,-0.037842047112595534,0.019129050479578982,0.0076423200339157706,0.05880029772981098,-0.6957374547720654,0.002361859134258299,13
lag2,0.03125080297648491,0.02929896558276187,1.0,0.02444823897598384,0.03737362560970906,-0.03477089404294546,0.023264282203876593,0.004309691223686902,0.0013861421988666848,-0.6974784599118055,13
lag3,-0.03610400613152256,0.03408831288819179,0.02444823897598384,1.0,0.02252733123417412,0.0345033903338197,-0.039481337183416884,0.026089311657853415,-0.050465193751107085,-0.04348487503127704,13
lag4,0.02052021143347288,-0.037842047112595534,0.03737362560970906,0.02252733123417412,1.0,0.024147875310532554,0.036931642190211854,-0.04121835889667543,0.041965283712140936,-0.01219258445078977,13
lag5,0.009534523199460259,0.019129050479578982,-0.03477089404294546,0.0345033903338197,0.024147875310532554,1.0,0.02563854616811191,0.035501357751818056,-0.006906244584026198,0.03186684002477262,13
lag6,0.05730107982937853,0.0076423200339157706,0.023264282203876593,-0.039481337183416884,0.036931642190211854,0.02563854616811191,1.0,0.023688565850718907,0.03568446672726405,0.024334766442052114,13
lag7,0.22344737752819616,0.05880029772981098,0.004309691223686902,0.026089311657853415,-0.04121835889667543,0.035501357751818056,0.023688565850718907,1.0,0.11829537178393422,0.1570994444570717,13
diff1,0.6951521396875182,-0.6957374547720654,0.0013861421988666848,-0.050465193751107085,0.041965283712140936,-0.006906244584026198,0.03568446672726405,0.11829537178393422,1.0,0.49739558564871356,13
diff2,0.6944589773849039,0.002361859134258299,-0.6974784599118055,-0.04348487503127704,-0.01219258445078977,0.03186684002477262,0.024334766442052114,0.1570994444570717,0.49739558564871356,1.0,13
udsVentaT,1.0,0.027149827419557182,0.19732460161950988,0.03619567256730159,0.04925083835828249,0.12489869687453375,-0.01734155455718303,0.20957860905281547,0.6974418157023694,0.6335121934029699,14
lag1,0.027149827419557182,1.0,0.027149827419557182,0.19732460161950988,0.0355417507208917,0.0479371780544485,0.12489869687453375,-0.017341554557183034,-0.6974418157023698,5.387722581581745e-19,14
lag2,0.19732460161950988,0.027149827419557182,1.0,0.02714982741955717,0.19674968770842993,0.03421959733528616,0.04793717805444849,0.12489869687453377,0.12199926242490597,-0.6335121934029695,14
lag3,0.03619567256730159,0.19732460161950988,0.02714982741955717,1.0,0.026491470034770242,0.19552740619083414,0.034219597335286185,0.047937178054448554,-0.11551424464701837,0.007139440441670101,14
lag4,0.04925083835828249,0.0355417507208917,0.19674968770842993,0.026491470034770242,1.0,0.025229686993490725,0.1949492064579241,0.033562301955148144,0.009828122811639022,-0.11641358357906588,14
lag5,0.12489869687453375,0.0479371780544485,0.03421959733528616,0.19552740619083414,0.025229686993490725,1.0,0.023896332907287543,0.19372099735256548,0.05517415007772386,0.0715685510740974,14
lag6,-0.01734155455718303,0.12489869687453375,0.04793717805444849,0.034219597335286185,0.1949492064579241,0.023896332907287543,1.0,0.023896332907287536,-0.1019728443500854,-0.051521291374820144,14
lag7,0.20957860905281547,-0.017341554557183034,0.12489869687453377,0.047937178054448554,0.033562301955148144,0.19372099735256548,0.023896332907287536,1.0,0.16268035447621942,0.06683368770174417,14
diff1,0.6974418157023694,-0.6974418157023698,0.12199926242490597,-0.11551424464701837,0.009828122811639022,0.05517415007772386,-0.1019728443500854,0.16268035447621942,1.0,0.4541684905750751,14
diff2,0.6335121934029699,5.387722581581745e-19,-0.6335121934029695,0.007139440441670101,-0.11641358357906588,0.0715685510740974,-0.051521291374820144,0.06683368770174417,0.4541684905750751,1.0,14
udsVentaT,1.0,0.2014121844711117,0.18123209830871778,0.16361044608976158,0.09257266113434792,0.10415817790983885,-0.001520763585528937,0.3030665123829993,0.6316558688023426,0.6398311893348446,15
lag1,0.2014121844711117,1.0,0.20141218447111164,0.18020621524394353,0.16585566625538445,0.0957782391302068,0.10508353750604664,-0.0024601021671013983,-0.6321382111057885,1.499972413133638e-18,15
lag2,0.18123209830871778,0.20141218447111164,1.0,0.20244882990785762,0.17779024898820814,0.162513036200476,0.09528447143898,0.10607745622215473,-0.016044669749305625,-0.639831189334845,15
lag3,0.16361044608976158,0.18020621524394353,0.20244882990785762,1.0,0.20387986771212183,0.1818011234272305,0.16197788187847414,0.09528447143898,-0.013200719899939066,-0.030350492806135235,15
lag4,0.09257266113434792,0.16585566625538445,0.17779024898820814,0.20387986771212183,1.0,0.1964135914563585,0.1826440071504101,0.16331627616751795,-0.05803837889725677,-0.06659380573683012,15
lag5,0.10415817790983885,0.0957782391302068,0.162513036200476,0.1818011234272305,0.1964135914563585,1.0,0.19809052348002143,0.18671544135773238,0.0065906428080348516,-0.045601761264016064,15
lag6,-0.001520763585528937,0.10508353750604664,0.09528447143898,0.16197788187847414,0.1826440071504101,0.19809052348002143,1.0,0.19753853951046313,-0.0843733687992737,-0.07564904355877494,15
lag7,0.3030665123829993,-0.0024601021671013983,0.10607745622215473,0.09528447143898,0.16331627616751795,0.18671544135773238,0.19753853951046313,1.0,0.24169311114694841,0.1539383039185943,15
diff1,0.6316558688023426,-0.6321382111057885,-0.016044669749305625,-0.013200719899939066,-0.05803837889725677,0.0065906428080348516,-0.0843733687992737,0.24169311114694841,1.0,0.5061495511222153,15
diff2,0.6398311893348446,1.499972413133638e-18,-0.639831189334845,-0.030350492806135235,-0.06659380573683012,-0.045601761264016064,-0.07564904355877494,0.1539383039185943,0.5061495511222153,1.0,15
udsVentaT,1.0,0.15791325665166617,0.18189566421298567,0.10991676053237232,0.07655723569124533,0.10959126751658334,0.06801141708737492,0.297723779843801,0.6486408352165195,0.6390023478786739,16
lag1,0.15791325665166617,1.0,0.1591328058909623,0.18251101469242098,0.11211423536022244,0.07686455533943913,0.11053882288088979,0.06900217823642484,-0.6491161999637578,-0.0011061369755763066,16
lag2,0.18189566421298567,0.1591328058909623,1.0,0.160444988401974,0.18313340317838175,0.11273153443468524,0.0781799464967267,0.11181103672355726,0.017470150159232374,-0.6401410272275712,16
lag3,0.10991676053237232,0.18251101469242098,0.160444988401974,1.0,0.16476494846124237,0.18313340317838175,0.1133862412312007,0.07885273679894131,-0.05599826801170356,-0.03963183029606624,16
lag4,0.07655723569124533,0.11211423536022244,0.18313340317838175,0.16476494846124237,1.0,0.16727710077836022,0.18561541119564726,0.11557818951880178,-0.02743753646752155,-0.0834434424893898,16
lag5,0.10959126751658334,0.07686455533943913,0.11273153443468524,0.18313340317838175,0.16727710077836022,1.0,0.1675374215228344,0.1858660017877848,0.025179628035364283,-0.0025620719033050588,16
lag6,0.06801141708737492,0.11053882288088979,0.0781799464967267,0.1133862412312007,0.18561541119564726,0.1675374215228344,1.0,0.1684216937776658,-0.0328065763439811,-0.008019902258351799,16
lag7,0.297723779843801,0.06900217823642484,0.11181103672355726,0.07885273679894131,0.11557818951880178,0.1858660017877848,0.1684216937776658,1.0,0.17616848282704964,0.14514423895336878,16
diff1,0.6486408352165195,-0.6491161999637578,0.017470150159232374,-0.05599826801170356,-0.02743753646752155,0.025179628035364283,-0.0328065763439811,0.17616848282704964,1.0,0.49311117356651785,16
diff2,0.6390023478786739,-0.0011061369755763066,-0.6401410272275712,-0.03963183029606624,-0.0834434424893898,-0.0025620719033050588,-0.008019902258351799,0.14514423895336878,0.49311117356651785,1.0,16
udsVentaT,1.0,0.1540499547418422,0.08760325228904639,0.14636184105630462,0.049246398856433296,0.0794192621703815,0.0512925092286364,0.1536904038933386,0.6503478368210464,0.6755883264142973,17
lag1,0.1540499547418422,1.0,0.15278732205408865,0.08557350278756373,0.14579126543190943,0.04863291084373182,0.07737969936302605,0.049254053573265864,-0.6503827615821031,0.0009808945321571063,17
lag2,0.08760325228904639,0.15278732205408865,1.0,0.1521797675129825,0.08453757868759124,0.14480711887077335,0.047975497915111694,0.07673511454800039,-0.0501170658588999,-0.6752608159543938,17
lag3,0.14636184105630462,0.08557350278756373,0.1521797675129825,1.0,0.1508942060979806,0.08322213216005635,0.14480711887077335,0.0479754979151117,0.04673048622955583,-0.004261915961354429,17
lag4,0.049246398856433296,0.14579126543190943,0.08453757868759124,0.1508942060979806,1.0,0.15014926638979914,0.08189967474323741,0.14351157282319585,-0.07422651957869006,-0.026105037594739,17
lag5,0.0794192621703815,0.04863291084373182,0.14480711887077335,0.08322213216005635,0.15014926638979914,1.0,0.14885593309211284,0.08057630122199923,0.02366656942098075,-0.04837123985171012,17
lag6,0.0512925092286364,0.07737969936302605,0.047975497915111694,0.14480711887077335,0.08189967474323741,0.14885593309211284,1.0,0.14885593309211284,-0.02005774497914209,0.0024704471101151607,17
lag7,0.1536904038933386,0.049254053573265864,0.07673511454800039,0.0479754979151117,0.14351157282319585,0.08057630122199923,0.14885593309211284,1.0,0.08028746003834795,0.057002776691045504,17
diff1,0.6503478368210464,-0.6503827615821031,-0.0501170658588999,0.04673048622955583,-0.07422651957869006,0.02366656942098075,-0.02005774497914209,0.08028746003834795,1.0,0.5186270825114304,17
diff2,0.6755883264142973,0.0009808945321571063,-0.6752608159543938,-0.004261915961354429,-0.026105037594739,-0.04837123985171012,0.0024704471101151607,0.057002776691045504,0.5186270825114304,1.0,17
udsVentaT,1.0,0.07218097848213997,-0.015272667017944384,0.09178084690377167,0.10054569622366362,0.058234227498459926,0.04459361827640182,0.16795309912110123,0.6813168108697694,0.712717533928992,18
lag1,0.07218097848213997,1.0,0.07134203850297534,-0.01668843096375178,0.09112409397451396,0.09962018309097663,0.05685821884610616,0.04321040485816673,-0.6809011942808088,0.0006224894104200873,18
lag2,-0.015272667017944384,0.07134203850297534,1.0,0.06924033056852415,-0.015104610373375994,0.09342362391451735,0.09752388881205191,0.05475584800582313,-0.06357271349012926,-0.7122544352420191,18
lag3,0.09178084690377167,-0.01668843096375178,0.06924033056852415,1.0,0.06478182033217439,-0.02118091552620861,0.09342362391451735,0.09752388881205191,0.07964150732697206,0.015856078244969322,18
lag4,0.10054569622366362,0.09112409397451396,-0.015104610373375994,0.06478182033217439,1.0,0.07658162695204927,-0.025310073552311046,0.08888055206252633,0.006953517458171408,0.08117978819316594,18
lag5,0.058234227498459926,0.09962018309097663,0.09342362391451735,-0.02118091552620861,0.07658162695204927,1.0,0.06949764265050977,-0.03126963159784447,-0.030350703736401946,-0.024659135437542497,18
lag6,0.04459361827640182,0.05685821884610616,0.09752388881205191,0.09342362391451735,-0.025310073552311046,0.06949764265050977,1.0,0.06949764265050974,-0.008983741177702174,-0.03711135852862871,18
lag7,0.16795309912110123,0.04321040485816673,0.05475584800582313,0.09752388881205191,0.08888055206252633,-0.03126963159784447,0.06949764265050974,1.0,0.09161414378421402,0.07949058931727992,18
diff1,0.6813168108697694,-0.6809011942808088,-0.06357271349012926,0.07964150732697206,0.006953517458171408,-0.030350703736401946,-0.008983741177702174,0.09161414378421402,1.0,0.5228849732405356,18
diff2,0.712717533928992,0.0006224894104200873,-0.7122544352420191,0.015856078244969322,0.08117978819316594,-0.024659135437542497,-0.03711135852862871,0.07949058931727992,0.5228849732405356,1.0,18
udsVentaT,1.0,0.09774817359989074,0.09768389198543924,0.09043749568398339,0.13014051092149942,0.07919547297381452,-0.00870505637322013,0.260378724966279,0.6715439892010538,0.6705406086372167,19
lag1,0.09774817359989074,1.0,0.1002688578077393,0.09646283336334503,0.09180462292630505,0.12925977728365579,0.08011298983980412,-0.00981901366103773,-0.6717741448469515,-0.002082330391261389,19
lag2,0.09768389198543924,0.1002688578077393,1.0,0.09994234751795063,0.09760986771385102,0.09073227904247451,0.13096549882527203,0.07649897764661331,-0.0019450654476240586,-0.6728237986938026,19
lag3,0.09043749568398339,0.09646283336334503,0.09994234751795063,1.0,0.10070731198444617,0.09725688582718973,0.09047377676274658,0.13192429999175012,-0.004505006590853098,-0.007273387308329113,19
lag4,0.13014051092149942,0.09180462292630505,0.09760986771385102,0.10070731198444617,1.0,0.1007073119844462,0.09791124489924544,0.08900938035772395,0.0285149374055376,0.023978880868623334,19
lag5,0.07919547297381452,0.12925977728365579,0.09073227904247451,0.09725688582718973,0.1007073119844462,1.0,0.100244387414477,0.0986704202366884,-0.03729098620339942,-0.008764699500610316,19
lag6,-0.00870505637322013,0.08011298983980412,0.13096549882527203,0.09047377676274658,0.09791124489924544,0.100244387414477,1.0,0.09886825555327267,-0.0661258845270753,-0.10409761736250515,19
lag7,0.260378724966279,-0.00981901366103773,0.07649897764661331,0.13192429999175012,0.08900938035772395,0.0986704202366884,0.09886825555327267,1.0,0.20111576041563453,0.13652934128447847,19
diff1,0.6715439892010538,-0.6717741448469515,-0.0019450654476240586,-0.004505006590853098,0.0285149374055376,-0.03729098620339942,-0.0661258845270753,0.20111576041563453,1.0,0.5006474436032118,19
diff2,0.6705406086372167,-0.002082330391261389,-0.6728237986938026,-0.007273387308329113,0.023978880868623334,-0.008764699500610316,-0.10409761736250515,0.13652934128447847,0.5006474436032118,1.0,19
udsVentaT,1.0,0.024342647826360943,0.04339877493895552,0.10521505732628038,0.12635894485953864,0.10049636916256899,-0.05974960556719266,0.2309824296416246,0.6980944629356396,0.6913727699502132,20
lag1,0.024342647826360943,1.0,0.0225946466675238,0.042002110726855606,0.10685237717770617,0.1257537658323687,0.10363397359049366,-0.061198213381442414,-0.6988000320711923,0.0012538532008427338,20
lag2,0.04339877493895552,0.0225946466675238,1.0,0.025314089227055064,0.03853969507343483,0.10338085121551961,0.12062136393369127,0.10457763381400681,0.014870396009216608,-0.6918127825397544,20
lag3,0.10521505732628038,0.042002110726855606,0.025314089227055064,1.0,0.025314089227055053,0.042830525362851785,0.10175958767760286,0.12190992027459661,0.04520177185611487,0.05773837894130993,20
lag4,0.12635894485953864,0.10685237717770617,0.03853969507343483,0.025314089227055053,1.0,0.02020248840469475,0.04446582033819532,0.09995782659105489,0.013883916761554916,0.06345580203056009,20
lag5,0.10049636916256899,0.1257537658323687,0.10338085121551961,0.042830525362851785,0.02020248840469475,1.0,0.014397520145059831,0.04465919398651497,-0.018159021817004937,-0.0021283789553868397,20
lag6,-0.05974960556719266,0.10363397359049366,0.12062136393369127,0.10175958767760286,0.04446582033819532,0.014397520145059831,1.0,0.011243038273069385,-0.1169770891418076,-0.13041540653934455,20
lag7,0.2309824296416246,-0.061198213381442414,0.10457763381400681,0.12190992027459661,0.09995782659105489,0.04465919398651497,0.011243038273069385,1.0,0.2091059069085208,0.09131596050013557,20
diff1,0.6980944629356396,-0.6988000320711923,0.014870396009216608,0.04520177185611487,0.013883916761554916,-0.018159021817004937,-0.1169770891418076,0.2091059069085208,1.0,0.4937993059224005,20
diff2,0.6913727699502132,0.0012538532008427338,-0.6918127825397544,0.05773837894130993,0.06345580203056009,-0.0021283789553868397,-0.13041540653934455,0.09131596050013557,0.4937993059224005,1.0,20
udsVentaT,1.0,0.07838145099658503,0.13923833031851762,0.08784925535601398,0.09680172160427937,0.12626630024549682,0.011371701978221328,0.3230226757966445,0.6790496569132501,0.6562750081998433,21
lag1,0.07838145099658503,1.0,0.0797031445160264,0.13784172086267474,0.09095131892640013,0.10288517589446612,0.1285127458762976,0.013631115730543578,-0.6786089644010229,-0.0009739119408554655,21
lag2,0.13923833031851762,0.0797031445160264,1.0,0.07970314451602646,0.13738511912179893,0.08963919366365898,0.10384532239490335,0.1255634156147946,0.043896098992238404,-0.6557932689939892,21
lag3,0.08784925535601398,0.13784172086267474,0.07970314451602646,1.0,0.08054708069084161,0.14055176587335647,0.0878753086135901,0.107773357038376,-0.03677644073194652,0.006244027882690592,21
lag4,0.09680172160427937,0.09095131892640013,0.13738511912179893,0.08054708069084161,1.0,0.07491692992233612,0.14139824897286682,0.08106660758382973,0.004347548667685652,-0.030881340596194292,21
lag5,0.12626630024549682,0.10288517589446612,0.08963919366365898,0.14055176587335647,0.07491692992233612,1.0,0.07500483656908356,0.13000049032704003,0.017268473121814277,0.027961195366660255,21
lag6,0.011371701978221328,0.1285127458762976,0.10384532239490335,0.0878753086135901,0.14139824897286682,0.07500483656908356,1.0,0.06787340427563796,-0.08625307276191964,-0.07045490705210804,21
lag7,0.3230226757966445,0.013631115730543578,0.1255634156147946,0.107773357038376,0.08106660758382973,0.13000049032704003,0.06787340427563796,1.0,0.2279548914943053,0.15058948247418644,21
diff1,0.6790496569132501,-0.6786089644010229,0.043896098992238404,-0.03677644073194652,0.004347548667685652,0.017268473121814277,-0.08625307276191964,0.2279548914943053,1.0,0.48423855484738637,21
diff2,0.6562750081998433,-0.0009739119408554655,-0.6557932689939892,0.006244027882690592,-0.030881340596194292,0.027961195366660255,-0.07045490705210804,0.15058948247418644,0.48423855484738637,1.0,21
udsVentaT,1.0,0.15072413640696178,0.16384623480123178,0.14231739213720251,0.11835811801502283,0.14372345961188823,0.054120122532905414,0.19573409347768314,0.6531719315469964,0.6481476254277477,22
lag1,0.15072413640696178,1.0,0.13998574010546228,0.16869466794298915,0.14174133567018007,0.10359426219533888,0.1412988247093367,0.051820519560723526,-0.6501103899579058,0.008693612706948873,22
lag2,0.16384623480123178,0.13998574010546228,1.0,0.13998574010546214,0.16645511315681752,0.1380325784907595,0.1057849303391197,0.13453933881876992,0.018712104705120306,-0.6450269698513488,22
lag3,0.14231739213720251,0.16869466794298915,0.13998574010546214,1.0,0.1408524617605765,0.1691428222030094,0.1370745458675689,0.10839205125262562,-0.019825299552583137,0.0021815113888831944,22
lag4,0.11835811801502283,0.14174133567018007,0.16645511315681752,0.1408524617605765,1.0,0.13863258455002925,0.1684092664120885,0.13680545597171243,-0.01759571505523638,-0.03681096850013363,22
lag5,0.14372345961188823,0.10359426219533888,0.1380325784907595,0.1691428222030094,0.13863258455002925,1.0,0.1408293272800368,0.16054044557735575,0.031119743976075104,0.0047784279559202215,22
lag6,0.054120122532905414,0.1412988247093367,0.1057849303391197,0.1370745458675689,0.1684092664120885,0.1408293272800368,1.0,0.13872030385477302,-0.0666314160286205,-0.039737373628597916,22
lag7,0.19573409347768314,0.051820519560723526,0.13453933881876992,0.10839205125262562,0.13680545597171243,0.16054044557735575,0.13872030385477302,1.0,0.11075280797927625,0.04776392798129877,22
diff1,0.6531719315469964,-0.6501103899579058,0.018712104705120306,-0.019825299552583137,-0.01759571505523638,0.031119743976075104,-0.0666314160286205,0.11075280797927625,1.0,0.4915206572659263,22
diff2,0.6481476254277477,0.008693612706948873,-0.6450269698513488,0.0021815113888831944,-0.03681096850013363,0.0047784279559202215,-0.039737373628597916,0.04776392798129877,0.4915206572659263,1.0,22
udsVentaT,1.0,-0.032067549290434594,0.11343862276928504,0.0062251762650913775,0.039972289851212414,0.08314668230733807,-0.06080500974597888,0.18253107975820232,0.7185524614072419,0.6660384684982656,23
lag1,-0.032067549290434594,1.0,-0.031608365585892695,0.11269919957615501,0.008866807416722623,0.04045393635617828,0.0825262349179199,-0.06082700391340302,-0.7181572977576984,-0.00035886368608648917,23
lag2,0.11343862276928504,-0.031608365585892695,1.0,-0.030623305606156313,0.1127178274214202,0.008866807416722619,0.04153483919958756,0.08200614012943684,0.10097444823078532,-0.6655480149607612,23
lag3,0.0062251762650913775,0.11269919957615501,-0.030623305606156313,1.0,-0.02080811712329779,0.11352647186014536,0.011962847748151062,0.03980264305416539,-0.07408534453335514,0.027667239833283088,23
lag4,0.039972289851212414,0.008866807416722623,0.1127178274214202,-0.02080811712329779,1.0,-0.019460812867845154,0.12474425373363113,0.006253184558543957,0.02166046613050587,-0.05459709214616786,23
lag5,0.08314668230733807,0.04045393635617828,0.008866807416722619,0.11352647186014536,-0.019460812867845154,1.0,-0.01828391982666148,0.12421866587766879,0.029740865103344383,0.05580324882629364,23
lag6,-0.06080500974597888,0.0825262349179199,0.04153483919958756,0.011962847748151062,0.12474425373363113,-0.01828391982666148,1.0,-0.020675810652074095,-0.0997590932721096,-0.07685981389008859,23
lag7,0.18253107975820232,-0.06082700391340302,0.08200614012943684,0.03980264305416539,0.006253184558543957,0.12421866587766879,-0.020675810652074095,1.0,0.16941052632096074,0.0755508646608158,23
diff1,0.7185524614072419,-0.7181572977576984,0.10097444823078532,-0.07408534453335514,0.02166046613050587,0.029740865103344383,-0.0997590932721096,0.16941052632096074,1.0,0.46397158475400824,23
diff2,0.6660384684982656,-0.00035886368608648917,-0.6655480149607612,0.027667239833283088,-0.05459709214616786,0.05580324882629364,-0.07685981389008859,0.0755508646608158,0.46397158475400824,1.0,23
udsVentaT,1.0,0.04790603393314297,0.1437343476790671,0.11358982366411437,0.11031080711747668,0.1343195449337589,0.02174398778291693,0.18173935373090272,0.6896892549808001,0.6548782285476976,24
lag1,0.04790603393314297,1.0,0.04433016752935903,0.14442926344212517,0.11293217600510379,0.11024502269810751,0.13182865224868393,0.023157445094498606,-0.6902338090730283,0.0027776567549300376,24
lag2,0.1437343476790671,0.04433016752935903,1.0,0.046986886912289375,0.14018556673548985,0.11536176510320925,0.1157440469893706,0.1240774573483836,0.07198715573184078,-0.6537586065441898,24
lag3,0.11358982366411437,0.14442926344212517,0.046986886912289375,1.0,0.04889800592639455,0.1395670998896027,0.11415978207560158,0.11797702275121659,-0.022415703926470996,0.050973464677734545,24
lag4,0.11031080711747668,0.11293217600510379,0.14018556673548985,0.04889800592639455,1.0,0.05006752210671378,0.14064011977672408,0.11138912343908335,-0.0019576534537517187,-0.02270629521543494,24
lag5,0.1343195449337589,0.11024502269810751,0.11536176510320925,0.1395670998896027,0.05006752210671378,1.0,0.0500123481621726,0.14138028141371947,0.017382731018132345,0.014608863054986715,24
lag6,0.02174398778291693,0.13182865224868393,0.1157440469893706,0.11415978207560158,0.14064011977672408,0.0500123481621726,1.0,0.047745947286553334,-0.07981583498919692,-0.07176318195353587,24
lag7,0.18173935373090272,0.023157445094498606,0.1240774573483836,0.11797702275121659,0.11138912343908335,0.14138028141371947,0.047745947286553334,1.0,0.1148675789418859,0.044212226217716366,24
diff1,0.6896892549808001,-0.6902338090730283,0.07198715573184078,-0.022415703926470996,-0.0019576534537517187,0.017382731018132345,-0.07981583498919692,0.1148675789418859,1.0,0.47239204658287937,24
diff2,0.6548782285476976,0.0027776567549300376,-0.6537586065441898,0.050973464677734545,-0.02270629521543494,0.014608863054986715,-0.07176318195353587,0.044212226217716366,0.47239204658287937,1.0,24
udsVentaT,1.0,0.1510292903492148,0.0405758900293664,0.117736800557262,0.1262317271664408,0.104169058282734,0.03423771187443949,0.10266330402672656,0.6518095892174024,0.6921747421665022,25
lag1,0.1510292903492148,1.0,0.14952794957631158,0.03900738418884874,0.11674617860434951,0.1259749502380834,0.1031514705119456,0.035178385030871,-0.651241131575345,0.0009574244956447412,25
lag2,0.0405758900293664,0.14952794957631158,1.0,0.14955777857908387,0.04097701505170913,0.1155229351856633,0.13072986810854864,0.10068366561081268,-0.08356610617991878,-0.6930499737736832,25
lag3,0.117736800557262,0.03900738418884874,0.14955777857908387,1.0,0.1494754744717117,0.040329154871553356,0.11660806596272846,0.13071994613907592,0.06045800009695116,-0.023084110934468816,25
lag4,0.1262317271664408,0.11674617860434951,0.04097701505170913,0.1494754744717117,1.0,0.14871495186378722,0.04344252058150218,0.11521699455180077,0.007339491571751998,0.0614754204835129,25
lag5,0.104169058282734,0.1259749502380834,0.1155229351856633,0.040329154871553356,0.14871495186378722,1.0,0.14716578015761214,0.044085293065966785,-0.016677659230631404,-0.008288803981204839,25
lag6,0.03423771187443949,0.1031514705119456,0.13072986810854864,0.11660806596272846,0.04344252058150218,0.14716578015761214,1.0,0.14310542487134284,-0.05285254088838916,-0.06972747660037637,25
lag7,0.10266330402672656,0.035178385030871,0.10068366561081268,0.13071994613907592,0.11521699455180077,0.044085293065966785,0.14310542487134284,1.0,0.05182397086403944,0.0013435915344506895,25
diff1,0.6518095892174024,-0.651241131575345,-0.08356610617991878,0.06045800009695116,0.007339491571751998,-0.016677659230631404,-0.05285254088838916,0.05182397086403944,1.0,0.5306318760029781,25
diff2,0.6921747421665022,0.0009574244956447412,-0.6930499737736832,-0.023084110934468816,0.0614754204835129,-0.008288803981204839,-0.06972747660037637,0.0013435915344506895,0.5306318760029781,1.0,25
udsVentaT,1.0,0.1805876156976453,0.10435532821092126,0.09346444321584214,0.1182499013466391,0.08732848351336582,0.06254317611033479,0.264207235379263,0.6399342222635077,0.667833391750891,26
lag1,0.1805876156976453,1.0,0.18241776073322538,0.1047972078011328,0.09502664300608434,0.11784873653042016,0.0879083100937832,0.06195701092517785,-0.6402316682355916,-0.001814711665621395,26
lag2,0.10435532821092126,0.18241776073322538,1.0,0.18167527243804912,0.10919602728217562,0.09402187779855357,0.1198364135860342,0.08426121732547961,-0.06101449607312067,-0.6705549437268641,26
lag3,0.09346444321584214,0.1047972078011328,0.18167527243804912,1.0,0.18153322151771795,0.1093737472512688,0.0944487195162742,0.1187579165539468,-0.008877550442603367,-0.06624705065215959,26
lag4,0.1182499013466391,0.09502664300608434,0.10919602728217562,0.18153322151771795,1.0,0.18053174195165,0.11086651766345931,0.09200991857350312,0.018113951578512703,0.006484479280456005,26
lag5,0.08732848351336582,0.11784873653042016,0.09402187779855357,0.1093737472512688,0.18053174195165,1.0,0.1801180091101448,0.11142578958522353,-0.0238667038873788,-0.005224526736810098,26
lag6,0.06254317611033479,0.0879083100937832,0.1198364135860342,0.0944487195162742,0.11086651766345931,0.1801180091101448,1.0,0.1794983886341753,-0.01983289518630294,-0.04303221641497686,26
lag7,0.264207235379263,0.06195701092517785,0.08426121732547961,0.1187579165539468,0.09200991857350312,0.11142578958522353,0.1794983886341753,1.0,0.15794641832905398,0.13401995025237481,26
diff1,0.6399342222635077,-0.6402316682355916,-0.06101449607312067,-0.008877550442603367,0.018113951578512703,-0.0238667038873788,-0.01983289518630294,0.15794641832905398,1.0,0.5230108662528472,26
diff2,0.667833391750891,-0.001814711665621395,-0.6705549437268641,-0.06624705065215959,0.006484479280456005,-0.005224526736810098,-0.04303221641497686,0.13401995025237481,0.5230108662528472,1.0,26
udsVentaT,1.0,0.10014822487503473,0.18182266921214835,-0.018234118375588495,0.01081519448886238,0.033910816434647835,0.02398352156128004,0.20528807200666196,0.6709629313438067,0.6391311990358078,27
lag1,0.10014822487503473,1.0,0.09793655746793441,0.1812293910738751,-0.02058172142043062,0.008100529233784707,0.03269442165947653,0.02331002484519851,-0.6705673225966995,0.0016503225768447092,27
lag2,0.18182266921214835,0.09793655746793441,1.0,0.0943900074263545,0.18466614496324396,-0.014986919904025637,0.007211360245217034,0.029225266552442477,0.06258046337517513,-0.6400693529726104,27
lag3,-0.018234118375588495,0.1812293910738751,0.0943900074263545,1.0,0.09004496165171073,0.17907100400883066,-0.016346086722908906,0.007211360245217024,-0.14865425472518828,-0.0880727811636029,27
lag4,0.01081519448886238,-0.02058172142043062,0.18466614496324396,0.09004496165171073,1.0,0.09681530793678828,0.17785718711874512,-0.02039032242392017,0.023402049901536926,-0.13598347550678722,27
lag5,0.033910816434647835,0.008100529233784707,-0.014986919904025637,0.17907100400883066,0.09681530793678828,1.0,0.09571057250043019,0.17226604082317365,0.019246989480112893,0.03821770548582156,27
lag6,0.02398352156128004,0.03269442165947653,0.007211360245217034,-0.016346086722908906,0.17785718711874512,0.09571057250043019,1.0,0.09440822762894702,-0.00648306550364533,0.013099053588102238,27
lag7,0.20528807200666196,0.02331002484519851,0.029225266552442477,0.007211360245217024,-0.02039032242392017,0.17226604082317365,0.09440822762894702,1.0,0.13569069541369927,0.13754189741211117,27
diff1,0.6709629313438067,-0.6705673225966995,0.06258046337517513,-0.14865425472518828,0.023402049901536926,0.019246989480112893,-0.00648306550364533,0.13569069541369927,1.0,0.47530451776306265,27
diff2,0.6391311990358078,0.0016503225768447092,-0.6400693529726104,-0.0880727811636029,-0.13598347550678722,0.03821770548582156,0.013099053588102238,0.13754189741211117,0.47530451776306265,1.0,27
udsVentaT,1.0,0.07605407927869962,0.10745839157220718,0.050022141101777315,0.07493129638711656,0.041675024530254796,0.03161306090610576,0.198908844200515,0.6796859277347495,0.6669124714486735,28
lag1,0.07605407927869962,1.0,0.07178976773275852,0.10745839157220718,0.045840772002121076,0.07250430916907691,0.04167502453025479,0.03161306090610576,-0.6796859277347496,0.0030419203063321663,28
lag2,0.10745839157220718,0.07178976773275852,1.0,0.067527414725359,0.11224596749512919,0.04729293547600236,0.06821800536007946,0.0374720551471043,0.02623904834864217,-0.6691560746844069,28
lag3,0.050022141101777315,0.10745839157220718,0.067527414725359,1.0,0.06328979558304214,0.10981415684386515,0.04729293547600234,0.06821800536007946,-0.04225205210725207,-0.013221119710226149,28
lag4,0.07493129638711656,0.045840772002121076,0.11224596749512919,0.06328979558304214,1.0,0.0646809624439764,0.1054417483410464,0.04308734505694375,0.021399975487169567,-0.028118248121143906,28
lag5,0.041675024530254796,0.07250430916907691,0.04729293547600236,0.10981415684386515,0.0646809624439764,1.0,0.06223482488564656,0.10299659648119758,-0.022679066448800706,-0.004294918097734793,28
lag6,0.03161306090610576,0.04167502453025479,0.06821800536007946,0.04729293547600234,0.1054417483410464,0.06223482488564656,1.0,0.06223482488564656,-0.007401921397492631,-0.02749856659722362,28
lag7,0.198908844200515,0.03161306090610576,0.0374720551471043,0.06821800536007946,0.04308734505694375,0.10299659648119758,0.06223482488564656,1.0,0.12306844710760059,0.1205900035543065,28
diff1,0.6796859277347495,-0.6796859277347496,0.02623904834864217,-0.04225205210725207,0.021399975487169567,-0.022679066448800706,-0.007401921397492631,0.12306844710760059,1.0,0.4883656730652664,28
diff2,0.6669124714486735,0.0030419203063321663,-0.6691560746844069,-0.013221119710226149,-0.028118248121143906,-0.004294918097734793,-0.02749856659722362,0.1205900035543065,0.4883656730652664,1.0,28
udsVentaT,1.0,-0.03687961399559921,-0.062275396309746225,-0.005805268593817612,0.035586362871808164,-0.03325325691241484,0.007030176569003202,0.17652735229002284,0.7214203549348169,0.729375422098297,29
lag1,-0.03687961399559921,1.0,-0.03654823770359423,-0.05805756985688887,-0.006293846655464157,0.027857221733008312,-0.03511649126711209,0.007374681368355891,-0.7186320252889444,-0.00027305575242559397,29
lag2,-0.062275396309746225,-0.03654823770359423,1.0,-0.040036266914622164,-0.05755045385168581,8.385256276991704e-06,0.025407365052456343,-0.037766801954825825,-0.01800841254020766,-0.7282079369443896,29
lag3,-0.005805268593817612,-0.05805756985688887,-0.040036266914622164,1.0,-0.040036266914622164,-0.0575504538516858,0.0026876366055270866,0.027171965801133624,0.0361924093481374,0.023456208162021472,29
lag4,0.035586362871808164,-0.006293846655464157,-0.05755045385168581,-0.040036266914622164,1.0,-0.04003626691462216,-0.057801909318701584,0.0025004434812146005,0.029124705956043988,0.06388438721315005,29
lag5,-0.03325325691241484,0.027857221733008312,8.385256276991704e-06,-0.0575504538516858,-0.04003626691462216,1.0,-0.04473134485362517,-0.06089584539661046,-0.04244392851295217,-0.022840397321774054,29
lag6,0.007030176569003202,-0.03511649126711209,0.025407365052456343,0.0026876366055270866,-0.057801909318701584,-0.04473134485362517,1.0,-0.04318014495797513,0.0292266802496023,-0.012587782713957574,29
lag7,0.17652735229002284,0.007374681368355891,-0.037766801954825825,0.027171965801133624,0.0025004434812146005,-0.06089584539661046,-0.04318014495797513,1.0,0.11772859311696529,0.14710644361845693,29
diff1,0.7214203549348169,-0.7186320252889444,-0.01800841254020766,0.0361924093481374,0.029124705956043988,-0.04244392851295217,0.0292266802496023,0.11772859311696529,1.0,0.5077352681758192,29
diff2,0.729375422098297,-0.00027305575242559397,-0.7282079369443896,0.023456208162021472,0.06388438721315005,-0.022840397321774054,-0.012587782713957574,0.14710644361845693,0.5077352681758192,1.0,29
udsVentaT,1.0,0.15769751793446274,0.19499516530987698,0.11355151554548074,0.10911273405560634,0.09393748331934686,-0.01538148005951445,0.24863948791843857,0.6481426279288048,0.6335406681819332,30
lag1,0.15769751793446274,1.0,0.1567647285894198,0.19675533005562906,0.11547962058518431,0.10612265039628552,0.09034860919668738,-0.018769867784533815,-0.6497799482122458,0.0005010159343515052,30
lag2,0.19499516530987698,0.1567647285894198,1.0,0.15628990591962102,0.19625762293080137,0.11594681608995688,0.10680023046736646,0.09102703689371573,0.029206318640171026,-0.6353200556431781,30
lag3,0.11355151554548074,0.19675533005562906,0.15628990591962102,1.0,0.1577392880748448,0.19399218445405905,0.11314367157345208,0.10400274241556266,-0.06432473355224491,-0.033883348159492,30
lag4,0.10911273405560634,0.11547962058518431,0.19625762293080137,0.1577392880748448,1.0,0.1567717543754745,0.1932393558060677,0.11242010615832461,-0.005064257718597369,-0.06890689533992805,30
lag5,0.09393748331934686,0.10612265039628552,0.11594681608995688,0.19399218445405905,0.1567717543754745,1.0,0.15737975136807814,0.1938300711991132,-0.009529668648348005,-0.01750198295735772,30
lag6,-0.01538148005951445,0.09034860919668738,0.10680023046736646,0.11314367157345208,0.1932393558060677,0.15737975136807814,1.0,0.15737975136807808,-0.08151393240648908,-0.09636038735448531,30
lag7,0.24863948791843857,-0.018769867784533815,0.09102703689371573,0.10400274241556266,0.11242010615832461,0.1938300711991132,0.15737975136807808,1.0,0.20586595237478073,0.12396267015354435,30
diff1,0.6481426279288048,-0.6497799482122458,0.029206318640171026,-0.06432473355224491,-0.005064257718597369,-0.009529668648348005,-0.08151393240648908,0.20586595237478073,1.0,0.48728406072664243,30
diff2,0.6335406681819332,0.0005010159343515052,-0.6353200556431781,-0.033883348159492,-0.06890689533992805,-0.01750198295735772,-0.09636038735448531,0.12396267015354435,0.48728406072664243,1.0,30
udsVentaT,1.0,-0.06007620464609414,0.018010443442345057,-0.004736769895269121,-0.023633855011797752,-0.024883260646082164,-0.10634197433746619,0.28144929084441395,0.7289972175310598,0.7014822318542384,31
lag1,-0.06007620464609414,1.0,-0.060917820113781086,0.021042404125861246,-0.0036186469501248474,-0.02046278225390548,-0.023224268084492,-0.10544547992188046,-0.727075666954455,0.0005087363033625812,31
lag2,0.018010443442345057,-0.060917820113781086,1.0,-0.058882236091537,0.022847845135817554,-0.00362036343208867,-0.022543323167154152,-0.021345116218023114,0.05416229304942017,-0.6999373380349305,31
lag3,-0.004736769895269121,0.021042404125861246,-0.058882236091537,1.0,-0.05784941444374001,0.02088310423070704,-0.006588096557131396,-0.02153726813315037,-0.017687888268744914,0.03858783858621515,31
lag4,-0.023633855011797752,-0.0036186469501248474,0.022847845135817554,-0.05784941444374001,1.0,-0.05884801126766657,0.018297898786887427,-0.005164107851394344,-0.013773850813210002,-0.03316814070424349,31
lag5,-0.024883260646082164,-0.02046278225390548,-0.00362036343208867,0.02088310423070704,-0.05884801126766657,1.0,-0.05924110795382852,0.01730417465162114,-0.0030822369283303734,-0.015194009458493698,31
lag6,-0.10634197433746619,-0.023224268084492,-0.022543323167154152,-0.006588096557131396,0.018297898786887427,-0.05924110795382852,1.0,-0.06167479764421179,-0.05721580767452762,-0.05989327361899041,31
lag7,0.28144929084441395,-0.10544547992188046,-0.021345116218023114,-0.02153726813315037,-0.005164107851394344,0.01730417465162114,-0.06167479764421179,1.0,0.2658905159139554,0.2162597452747303,31
diff1,0.7289972175310598,-0.727075666954455,0.05416229304942017,-0.017687888268744914,-0.013773850813210002,-0.0030822369283303734,-0.05721580767452762,0.2658905159139554,1.0,0.48213036024946393,31
diff2,0.7014822318542384,0.0005087363033625812,-0.6999373380349305,0.03858783858621515,-0.03316814070424349,-0.015194009458493698,-0.05989327361899041,0.2162597452747303,0.48213036024946393,1.0,31
udsVentaT,1.0,0.11563035811216398,-0.020603690519985753,-0.0628940721197559,-0.05513532025732449,0.038582336565640384,0.11951017656549022,0.3471543952257257,0.6644987066741682,0.7138652835146526,32
lag1,0.11563035811216398,1.0,0.11429914846216944,-0.018540342744040546,-0.06773196164881368,-0.0601208194875368,0.03650570471677634,0.12291953825093918,-0.6654406079196145,0.0008170296957645454,32
lag2,-0.020603690519985753,0.11429914846216944,1.0,0.11314602541685141,-0.015699684588883107,-0.0644544567842229,-0.059161883408745446,0.034764336376838394,-0.10147484644193985,-0.714842659203081,32
lag3,-0.0628940721197559,-0.018540342744040546,0.11314602541685141,1.0,0.10681408771496233,-0.02052118657417762,-0.06508447738242396,-0.054453855203150756,-0.03331580054093219,-0.12324130778705922,32
lag4,-0.05513532025732449,-0.06773196164881368,-0.015699684588883107,0.10681408771496233,1.0,0.1179962015728339,-0.011908777019152711,-0.0673238010112934,0.009523454366629068,-0.027566949401492714,32
lag5,0.038582336565640384,-0.0601208194875368,-0.0644544567842229,-0.02052118657417762,0.1179962015728339,1.0,0.1225903232408343,-0.019538721540552247,0.07422534835345136,0.07213173787377646,32
lag6,0.11951017656549022,0.03650570471677634,-0.059161883408745446,-0.06508447738242396,-0.011908777019152711,0.1225903232408343,1.0,0.11355513043416683,0.06234633994312544,0.12502831852283522,32
lag7,0.3471543952257257,0.12291953825093918,0.034764336376838394,-0.054453855203150756,-0.0673238010112934,-0.019538721540552247,0.11355513043416683,1.0,0.16840682658261433,0.21846147479224215,32
diff1,0.6644987066741682,-0.6654406079196145,-0.10147484644193985,-0.03331580054093219,0.009523454366629068,0.07422534835345136,0.06234633994312544,0.16840682658261433,1.0,0.5358490620320112,32
diff2,0.7138652835146526,0.0008170296957645454,-0.714842659203081,-0.12324130778705922,-0.027566949401492714,0.07213173787377646,0.12502831852283522,0.21846147479224215,0.5358490620320112,1.0,32
udsVentaT,1.0,-0.03024293205065558,0.028543661707823784,0.01894674194112315,0.013319476044247444,0.07052544931050263,-0.11550196533778953,0.239726276076988,0.7177196291208199,0.6971398475762439,33
lag1,-0.03024293205065558,1.0,-0.028545468946941585,0.028543661707823745,0.01809012440352021,0.013319476044247446,0.07052544931050267,-0.11372158324159867,-0.7177196291208198,-0.001229102743167274,33
lag2,0.028543661707823784,-0.028545468946941585,1.0,-0.02684959465190664,0.028852559573701943,0.019812746014342325,0.015039538546238025,0.07057178694734711,0.03977119221658806,-0.6967441248832479,33
lag3,0.01894674194112315,0.028543661707823745,-0.02684959465190664,1.0,-0.02770553359023269,0.02885255957370192,0.019812746014342335,0.01674093163090797,-0.006685702450729959,0.03285367715305151,33
lag4,0.013319476044247444,0.01809012440352021,0.028852559573701943,-0.02770553359023269,1.0,-0.028562348554781777,0.0279964499177273,0.019533248256082495,-0.0033234763030771633,-0.011135628617223524,33
lag5,0.07052544931050263,0.013319476044247446,0.019812746014342325,0.02885255957370192,-0.028562348554781777,1.0,-0.02856234855478177,0.029691980563175718,0.039852590722877605,0.03639967450872809,33
lag6,-0.11550196533778953,0.07052544931050267,0.015039538546238025,0.019812746014342335,0.0279964499177273,-0.02856234855478177,1.0,-0.026833677162024394,-0.1295961592106441,-0.09367238215148517,33
lag7,0.239726276076988,-0.11372158324159867,0.07057178694734711,0.01674093163090797,0.019533248256082495,0.029691980563175718,-0.026833677162024394,1.0,0.24622975670286917,0.12141446744583684,33
diff1,0.7177196291208199,-0.7177196291208198,0.03977119221658806,-0.006685702450729959,-0.0033234763030771633,0.039852590722877605,-0.1295961592106441,0.24622975670286917,1.0,0.48651933288691857,33
diff2,0.6971398475762439,-0.001229102743167274,-0.6967441248832479,0.03285367715305151,-0.011135628617223524,0.03639967450872809,-0.09367238215148517,0.12141446744583684,0.48651933288691857,1.0,33
udsVentaT,1.0,-0.034581328264347906,-0.0839765991357179,-0.03813355998368674,-0.034834166736763636,0.04263257654337583,0.002494119473885159,0.1437161099255473,0.7192541670238218,0.7367825490462395,34
lag1,-0.034581328264347906,1.0,-0.03391307002427754,-0.0847053251152732,-0.03859693025986623,-0.03453780077163122,0.043103653669636484,0.0023546369800711816,-0.7192042626361489,-0.0004975457020812518,34
lag2,-0.0839765991357179,-0.03391307002427754,1.0,-0.03035537276601852,-0.08273485908754273,-0.04009872110833864,-0.036793056640403096,0.04387245162739875,-0.03480664505860037,-0.7356139948182328,34
lag3,-0.03813355998368674,-0.0847053251152732,-0.03035537276601852,1.0,-0.0318213871206771,-0.08342888055938288,-0.037224560335855195,-0.0353239748634212,0.03237298844491401,-0.0053263525712918675,34
lag4,-0.034834166736763636,-0.03859693025986623,-0.08273485908754273,-0.0318213871206771,1.0,-0.031394788613923925,-0.08207486756760267,-0.037220731030406205,0.0026139326602366533,0.032457452684207654,34
lag5,0.04263257654337583,-0.03453780077163122,-0.04009872110833864,-0.08342888055938288,-0.031394788613923925,1.0,-0.032703703436775804,-0.08300898148855419,0.053648180979612874,0.056189764920724326,34
lag6,0.002494119473885159,0.043103653669636484,-0.036793056640403096,-0.037224560335855195,-0.08207486756760267,-0.032703703436775804,1.0,-0.03184224611965196,-0.028230109438785456,0.02666057251357675,34
lag7,0.1437161099255473,0.0023546369800711816,0.04387245162739875,-0.0353239748634212,-0.037220731030406205,-0.08300898148855419,-0.03184224611965196,1.0,0.09827666932925193,0.06792990581198576,34
diff1,0.7192541670238218,-0.7192042626361489,-0.03480664505860037,0.03237298844491401,0.0026139326602366533,0.053648180979612874,-0.028230109438785456,0.09827666932925193,1.0,0.5125677965185801,34
diff2,0.7367825490462395,-0.0004975457020812518,-0.7356139948182328,-0.0053263525712918675,0.032457452684207654,0.056189764920724326,0.02666057251357675,0.06792990581198576,0.5125677965185801,1.0,34
udsVentaT,1.0,0.08529153435746178,0.09232933129603176,0.10812443888463115,0.1064165029165745,0.08742313135169308,0.035798310791203415,0.20582769763268774,0.67607588176582,0.6718231682456604,35
lag1,0.08529153435746178,1.0,0.0818671836644299,0.09194562985024954,0.10837515853355138,0.10479919439987985,0.08816758358885927,0.03656897963011029,-0.6764834667548714,0.0022587851161390868,35
lag2,0.09232933129603176,0.0818671836644299,1.0,0.08220717218377599,0.0894936957738479,0.1107772984487727,0.10280426491041617,0.08623988094705486,0.007702364081771452,-0.675518655287147,35
lag3,0.10812443888463115,0.09194562985024954,0.08220717218377599,1.0,0.081682860509165,0.08936400837432906,0.1107772984487727,0.10280426491041617,0.011924056555211157,0.01891377300745539,35
lag4,0.1064165029165745,0.10837515853355138,0.0894936957738479,0.081682860509165,1.0,0.07649334617475599,0.09109881941012796,0.11255060822458073,-0.0014884434293221337,0.012228670973639336,35
lag5,0.08742313135169308,0.10479919439987985,0.1107772984487727,0.08936400837432906,0.07649334617475599,1.0,0.07745929499245255,0.09209857469341996,-0.012882896565102197,-0.01766867315590132,35
lag6,0.035798310791203415,0.08816758358885927,0.10280426491041617,0.1107772984487727,0.09109881941012796,0.07745929499245255,1.0,0.07745929499245251,-0.038741925522092734,-0.049966107360290266,35
lag7,0.20582769763268774,0.03656897963011029,0.08623988094705486,0.10280426491041617,0.11255060822458073,0.09209857469341996,0.07745929499245251,1.0,0.12509406077182408,0.08826372936199531,35
diff1,0.67607588176582,-0.6764834667548714,0.007702364081771452,0.011924056555211157,-0.0014884434293221337,-0.012882896565102197,-0.038741925522092734,0.12509406077182408,1.0,0.49490850796395947,35
diff2,0.6718231682456604,0.0022587851161390868,-0.675518655287147,0.01891377300745539,0.012228670973639336,-0.01766867315590132,-0.049966107360290266,0.08826372936199531,0.49490850796395947,1.0,35
udsVentaT,1.0,0.08094358204054493,0.10120253693476457,0.11978031030668572,0.04252176746983207,0.13227244284190903,0.07962632685774533,0.2015369840176725,0.6777665377599171,0.6678779903175788,36
lag1,0.08094358204054493,1.0,0.0839287799649387,0.09884864607430638,0.12027966482938496,0.043057258302057484,0.13092192260975924,0.07726051789570053,-0.6780036448738774,-0.0025993618422235918,36
lag2,0.10120253693476457,0.0839287799649387,1.0,0.07882530574516519,0.10166022356457467,0.12294661192823833,0.040854481059807615,0.1255117752012906,0.012720613389777174,-0.6728586277223609,36
lag3,0.11978031030668572,0.09884864607430638,0.07882530574516519,1.0,0.07649419379073628,0.09932435938978372,0.1222365560839582,0.040854481059807636,0.015414968427305645,0.0300971627987208,36
lag4,0.04252176746983207,0.12027966482938496,0.10166022356457467,0.07649419379073628,1.0,0.07698583630304826,0.09797066977336638,0.11987549038628159,-0.05737115638313713,-0.044434492948993966,36
lag5,0.13227244284190903,0.043057258302057484,0.12294661192823833,0.09932435938978372,0.07698583630304826,1.0,0.0756256331294544,0.09561755449569694,0.06578483037599465,0.006378507171366325,36
lag6,0.07962632685774533,0.13092192260975924,0.040854481059807615,0.1222365560839582,0.09797066977336638,0.0756256331294544,1.0,0.07488638661137113,-0.037858113889326986,0.02864552894474517,36
lag7,0.2015369840176725,0.07726051789570053,0.1255117752012906,0.040854481059807636,0.11987549038628159,0.09561755449569694,0.07488638661137113,1.0,0.09163426705005412,0.055963815033992434,36
diff1,0.6777665377599171,-0.6780036448738774,0.012720613389777174,0.015414968427305645,-0.05737115638313713,0.06578483037599465,-0.037858113889326986,0.09163426705005412,1.0,0.4944631615409856,36
diff2,0.6678779903175788,-0.0025993618422235918,-0.6728586277223609,0.0300971627987208,-0.044434492948993966,0.006378507171366325,0.02864552894474517,0.055963815033992434,0.4944631615409856,1.0,36
udsVentaT,1.0,0.024200606521390788,0.07684703202925286,0.11730439380293807,0.12935198861025785,0.10867936435895838,0.026505838491757153,0.3261800008817015,0.6982531108580964,0.67945534313263,37
lag1,0.024200606521390788,1.0,0.024050143982534425,0.07469645065749503,0.11782787698337513,0.12767207008965928,0.1090590234446399,0.029141913857640638,-0.6987431519019179,0.00011347247657366637,37
lag2,0.07684703202925286,0.024050143982534425,1.0,0.026457425222882115,0.07386485844758649,0.11783043763027767,0.12385906693532514,0.10461391375014842,0.037769006935598815,-0.6793330594976015,37
lag3,0.11730439380293807,0.07469645065749503,0.026457425222882115,1.0,0.026603076657273114,0.07632424658211585,0.12537776633101128,0.12647038331866023,0.030453746857943206,0.06686696692703421,37
lag4,0.12935198861025785,0.11782787698337513,0.07386485844758649,0.026603076657273114,1.0,0.025838453878602535,0.0743094643583975,0.12469888356957691,0.008190073148114256,0.04084727825027134,37
lag5,0.10867936435895838,0.12767207008965928,0.11783043763027767,0.07632424658211585,0.025838453878602535,1.0,0.02584744551978135,0.07125193565785427,-0.013651928637998951,-0.006721869239991026,37
lag6,0.026505838491757153,0.1090590234446399,0.12385906693532514,0.12537776633101128,0.0743094643583975,0.02584744551978135,1.0,0.011860264181921903,-0.05912577141658693,-0.07163854719440264,37
lag7,0.3261800008817015,0.029141913857640638,0.10461391375014842,0.12647038331866023,0.12469888356957691,0.07125193565785427,0.011860264181921903,1.0,0.21254122851210908,0.163085967566675,37
diff1,0.6982531108580964,-0.6987431519019179,0.037769006935598815,0.030453746857943206,0.008190073148114256,-0.013651928637998951,-0.05912577141658693,0.21254122851210908,1.0,0.48612490524246404,37
diff2,0.67945534313263,0.00011347247657366637,-0.6793330594976015,0.06686696692703421,0.04084727825027134,-0.006721869239991026,-0.07163854719440264,0.163085967566675,0.48612490524246404,1.0,37
udsVentaT,1.0,0.004938978378369952,-0.005723959993573508,0.10853592274612563,0.10397586357066865,0.04280170077202855,0.027805970540574286,0.18824534269318807,0.7055793449830129,0.709345030938797,38
lag1,0.004938978378369952,1.0,0.004780712451634826,-0.006809025176825575,0.10936212443758428,0.10200552552376532,0.04097895514853029,0.02673704982132444,-0.7051374408686117,0.00011371765846768313,38
lag2,-0.005723959993573508,0.004780712451634826,1.0,0.004780712451634827,-0.0068090251768255835,0.10838950207244864,0.10106104832296323,0.04097895514853029,-0.00744654355569253,-0.7089101395714594,38
lag3,0.10853592274612563,-0.006809025176825575,0.004780712451634827,1.0,0.004780712451634823,-0.011101555418345696,0.10376731271104146,0.1010610483229632,0.08178572083987169,0.0731817164329528,38
lag4,0.10397586357066865,0.10936212443758428,-0.0068090251768255835,0.004780712451634823,1.0,0.007792588951391523,-0.008051298541627522,0.1037673127110415,-0.003771196030763473,0.07813475222398966,38
lag5,0.04280170077202855,0.10200552552376532,0.10838950207244864,-0.011101555418345696,0.007792588951391523,1.0,0.013718092965483982,-0.012358680181215128,-0.04193535151826197,-0.04621234713065329,38
lag6,0.027805970540574286,0.04097895514853029,0.10106104832296323,0.10376731271104146,-0.008051298541627522,0.013718092965483982,1.0,0.00935858973158284,-0.00932267094152271,-0.05162336214331625,38
lag7,0.18824534269318807,0.02673704982132444,0.04097895514853029,0.1010610483229632,0.1037673127110415,-0.012358680181215128,0.00935858973158284,1.0,0.11453394447670318,0.10388643372559368,38
diff1,0.7055793449830129,-0.7051374408686117,-0.00744654355569253,0.08178572083987169,-0.003771196030763473,-0.04193535151826197,-0.00932267094152271,0.11453394447670318,1.0,0.5029012935106256,38
diff2,0.709345030938797,0.00011371765846768313,-0.7089101395714594,0.0731817164329528,0.07813475222398966,-0.04621234713065329,-0.05162336214331625,0.10388643372559368,0.5029012935106256,1.0,38
udsVentaT,1.0,0.18891989088491007,0.1921664560475959,0.12230132183277073,0.13419471051333548,0.13866471400819322,0.07801180197008278,0.2907562468026974,0.6370732012059573,0.6358253129705762,39
lag1,0.18891989088491007,1.0,0.18818163061454404,0.19104307277085214,0.12163316105276882,0.1335182547462231,0.13771257510810575,0.07647342057736864,-0.6365672675325341,0.0006696580739345467,39
lag2,0.1921664560475959,0.18818163061454404,1.0,0.18668583231356273,0.19149569416336817,0.12213800783077937,0.132717755527968,0.1353492753792256,0.003209615837352414,-0.635263540751553,39
lag3,0.12230132183277073,0.19104307277085214,0.18668583231356273,1.0,0.18472798515793573,0.1895372534906234,0.12093223526480931,0.1319971860359159,-0.053905973569460135,-0.05058022968937266,39
lag4,0.13419471051333548,0.12163316105276882,0.19149569416336817,0.18472798515793573,1.0,0.18622614135672458,0.18880440331396442,0.11765995018723094,0.009917143766020277,-0.045003492721997974,39
lag5,0.13866471400819322,0.1335182547462231,0.12213800783077937,0.1895372534906234,0.18622614135672458,1.0,0.1854915487939503,0.18547478277120202,0.004098659297501711,0.013063452961128132,39
lag6,0.07801180197008278,0.13771257510810575,0.132717755527968,0.12093223526480931,0.18880440331396442,0.1854915487939503,1.0,0.18401639130849454,-0.04682821283523133,-0.042988998493961324,39
lag7,0.2907562468026974,0.07647342057736864,0.1353492753792256,0.1319971860359159,0.11765995018723094,0.18547478277120202,0.18401639130849454,1.0,0.16832247799737204,0.12236324856959079,39
diff1,0.6370732012059573,-0.6365672675325341,0.003209615837352414,-0.053905973569460135,0.009917143766020277,0.004098659297501711,-0.04682821283523133,0.16832247799737204,1.0,0.4988284274171224,39
diff2,0.6358253129705762,0.0006696580739345467,-0.635263540751553,-0.05058022968937266,-0.045003492721997974,0.013063452961128132,-0.042988998493961324,0.12236324856959079,0.4988284274171224,1.0,39
udsVentaT,1.0,-0.05340086905437267,0.06088875779889495,0.017889361993261195,0.02137900799038756,0.10423663320482786,-0.05164202561301159,0.2543864146822806,0.7256032108267875,0.6853567064582,40
lag1,-0.05340086905437267,1.0,-0.05464834291229958,0.05879735551844738,0.02042481805738045,0.020958060335839402,0.10639974584832998,-0.05243481238583372,-0.7258793599422928,0.0008984881006182618,40
lag2,0.06088875779889495,-0.05464834291229958,1.0,-0.055721353068798024,0.061919162662937996,0.021062990517856203,0.02287308049822051,0.10852431001523358,0.07959845827366083,-0.6851258498791838,40
lag3,0.017889361993261195,0.05879735551844738,-0.055721353068798024,1.0,-0.05381101130026454,0.06294950475871715,0.022124980516308353,0.025978583348905442,-0.028194777340018073,0.05370741249178207,40
lag4,0.02137900799038756,0.02042481805738045,0.061919162662937996,-0.05381101130026454,1.0,-0.05522773894582931,0.059433722371864194,0.017983117309278263,0.0006512921743055119,-0.029571870590256726,40
lag5,0.10423663320482786,0.020958060335839402,0.021062990517856203,0.06294950475871715,-0.05522773894582931,1.0,-0.056340723598483605,0.05980434245049999,0.057356571221179584,0.060702942940687704,40
lag6,-0.05164202561301159,0.10639974584832998,0.02287308049822051,0.022124980516308353,0.059433722371864194,-0.056340723598483605,1.0,-0.059757654615027044,-0.10889097913826307,-0.054374565894913934,40
lag7,0.2543864146822806,-0.05243481238583372,0.10852431001523358,0.025978583348905442,0.017983117309278263,0.05980434245049999,-0.059757654615027044,1.0,0.21135524734527603,0.10647068442236439,40
diff1,0.7256032108267875,-0.7258793599422928,0.07959845827366083,-0.028194777340018073,0.0006512921743055119,0.057356571221179584,-0.10889097913826307,0.21135524734527603,1.0,0.4714578813796576,40
diff2,0.6853567064582,0.0008984881006182618,-0.6851258498791838,0.05370741249178207,-0.029571870590256726,0.060702942940687704,-0.054374565894913934,0.10647068442236439,0.4714578813796576,1.0,40
udsVentaT,1.0,-0.030607318532111325,0.05413432011157403,0.07431739430701267,0.14287063515176712,0.03659633820594465,-0.007660792920093186,0.27491561454441793,0.7178465429784127,0.6877011269034062,41
lag1,-0.030607318532111325,1.0,-0.030607318532111308,0.054984747487152354,0.07431739430701292,0.1412088627601135,0.03953713575844773,-0.004095902776269846,-0.7178465429784119,1.5497449502842498e-18,41
lag2,0.05413432011157403,-0.030607318532111308,1.0,-0.03171861342819879,0.05498474748715237,0.0766370372077772,0.13881437960313653,0.03499619720323483,0.05902489847766366,-0.6877011269034066,41
lag3,0.07431739430701267,0.054984747487152354,-0.03171861342819879,1.0,-0.03484327436773331,0.05410786541475652,0.07664717943787565,0.14122006632531495,0.01346572398304555,0.07709454266323038,41
lag4,0.14287063515176712,0.07431739430701292,0.05498474748715237,-0.03484327436773331,1.0,-0.028575609544172993,0.044990657195616984,0.0640001786466885,0.047749231026677004,0.06389831587186062,41
lag5,0.03659633820594465,0.1412088627601135,0.0766370372077772,0.05410786541475652,-0.028575609544172993,1.0,-0.022832950387238676,0.046838831652442715,-0.07286552089540188,-0.02911199170352494,41
lag6,-0.007660792920093186,0.03953713575844773,0.13881437960313653,0.07664717943787565,0.044990657195616984,-0.022832950387238676,1.0,-0.03310988754795975,-0.03287466460638811,-0.10649624291207824,41
lag7,0.27491561454441793,-0.004095902776269846,0.03499619720323483,0.14122006632531495,0.0640001786466885,0.046838831652442715,-0.03310988754795975,1.0,0.19433924983676978,0.17443581808677242,41
diff1,0.7178465429784127,-0.7178465429784119,0.05902489847766366,0.01346572398304555,0.047749231026677004,-0.07286552089540188,-0.03287466460638811,0.19433924983676978,1.0,0.4790028827401398,41
diff2,0.6877011269034062,1.5497449502842498e-18,-0.6877011269034066,0.07709454266323038,0.06389831587186062,-0.02911199170352494,-0.10649624291207824,0.17443581808677242,0.4790028827401398,1.0,41
udsVentaT,1.0,0.11548621806025335,0.10331242240658123,0.2373438686970555,0.1598174070339573,0.10425670389994122,0.07531590536590514,0.2727322365590004,0.6645987164666458,0.6693912622178648,42
lag1,0.11548621806025335,1.0,0.11485042712234751,0.10137626814766477,0.23664208328283318,0.1614963929865171,0.10823636445862134,0.07202912516155657,-0.6654490234909378,0.00043436767767709533,42
lag2,0.10331242240658123,0.11485042712234751,1.0,0.11363142732053988,0.10039245514784371,0.23594118137815315,0.16074542352592125,0.10668917136122229,-0.008758027342281796,-0.6697782690446255,42
lag3,0.2373438686970555,0.10137626814766477,0.11363142732053988,1.0,0.11240794043251041,0.098452070097686,0.23255517189433234,0.1600280190693826,0.10209847713753514,0.09231840844628966,42
lag4,0.1598174070339573,0.23664208328283318,0.10039245514784371,0.11240794043251041,1.0,0.11175244843283308,0.09794084968423476,0.2310752843363474,-0.05791192798279397,0.04432884055308124,42
lag5,0.10425670389994122,0.1614963929865171,0.23594118137815315,0.098452070097686,0.11175244843283308,1.0,0.11565356011418178,0.09463175699101975,-0.043137089953621255,-0.09839259884443599,42
lag6,0.07531590536590514,0.10823636445862134,0.16074542352592125,0.23255517189433234,0.09794084968423476,0.11565356011418178,1.0,0.11032898657822532,-0.024821287052420725,-0.06383430465823094,42
lag7,0.2727322365590004,0.07202912516155657,0.10668917136122229,0.1600280190693826,0.2310752843363474,0.09463175699101975,0.11032898657822532,1.0,0.1507677282026369,0.12392302522589939,42
diff1,0.6645987164666458,-0.6654490234909378,-0.008758027342281796,0.10209847713753514,-0.05791192798279397,-0.043137089953621255,-0.024821287052420725,0.1507677282026369,1.0,0.5027015965853104,42
diff2,0.6693912622178648,0.00043436767767709533,-0.6697782690446255,0.09231840844628966,0.04432884055308124,-0.09839259884443599,-0.06383430465823094,0.12392302522589939,0.5027015965853104,1.0,42
udsVentaT,1.0,0.12183482896771143,0.10872281385776977,0.1208149297695133,0.10665521467731393,0.17919136748843703,0.051649391167981534,0.2603735761012223,0.6628487015236406,0.6677732151310624,43
lag1,0.12183482896771143,1.0,0.12200623601722792,0.10806164724512111,0.12081492976951325,0.10574437466160146,0.17856611602704867,0.0516493911679815,-0.6624173836220796,-8.185356088746244e-05,43
lag2,0.10872281385776977,0.12200623601722792,1.0,0.12200623601722792,0.10789734360370994,0.1209858170150597,0.10574437466160146,0.17836589723437715,-0.009978855766549666,-0.6673500856765602,43
lag3,0.1208149297695133,0.10806164724512111,0.12200623601722792,1.0,0.12266029922177123,0.1072357562801554,0.12098581701505967,0.10640672169865142,0.00966718427743039,-0.0008459469977881044,43
lag4,0.10665521467731393,0.12081492976951325,0.10789734360370994,0.12266029922177123,1.0,0.12266029922177125,0.10789734360370996,0.12188113292871637,-0.010640702567404556,-0.0008894070719823862,43
lag5,0.17919136748843703,0.10574437466160146,0.1209858170150597,0.1072357562801554,0.12266029922177125,1.0,0.12200623601722792,0.10789734360370994,0.05547533399601724,0.043652912590012506,43
lag6,0.051649391167981534,0.17856611602704867,0.10574437466160146,0.12098581701505967,0.10789734360370996,0.12200623601722792,1.0,0.12266029922177123,-0.09572271157375144,-0.04048680784462457,43
lag7,0.2603735761012223,0.0516493911679815,0.17836589723437715,0.10640672169865142,0.12188113292871637,0.10789734360370994,0.12266029922177123,1.0,0.1575560280642364,0.06150701447887197,43
diff1,0.6628487015236406,-0.6624173836220796,-0.009978855766549666,0.00966718427743039,-0.010640702567404556,0.05547533399601724,-0.09572271157375144,0.1575560280642364,1.0,0.5040686741580558,43
diff2,0.6677732151310624,-8.185356088746244e-05,-0.6673500856765602,-0.0008459469977881044,-0.0008894070719823862,0.043652912590012506,-0.04048680784462457,0.06150701447887197,0.5040686741580558,1.0,43
udsVentaT,1.0,0.037406058166488655,0.03037649054390516,0.041627703077895636,-0.041405700545850146,-0.045117714504474576,0.005167489449979405,0.15156718820945092,0.6925202380682597,0.694451219907508,44
lag1,0.037406058166488655,1.0,0.04188174671470478,0.031708747938351475,0.04042924180076653,-0.03600481102871641,-0.04822505527614097,0.002755169842382896,-0.6949891232838333,-0.0033548483007473616,44
lag2,0.03037649054390516,0.04188174671470478,1.0,0.04296334985361542,0.03085731869087908,0.04416225427659606,-0.03839155441699224,-0.04973994531892966,-0.008377978598299972,-0.6981127472478299,44
lag3,0.041627703077895636,0.031708747938351475,0.04296334985361542,1.0,0.043266744975782215,0.030367075355194145,0.044978934125043835,-0.04000641102776253,0.0070614618775585005,-0.0011094221536513326,44
lag4,-0.041405700545850146,0.04042924180076653,0.03085731869087908,0.043266744975782215,1.0,0.04298468167196764,0.03032451870012958,0.045776980250017175,-0.05897840550612228,-0.05187298465583257,44
lag5,-0.045117714504474576,-0.03600481102871641,0.04416225427659606,0.030367075355194145,0.04298468167196764,1.0,0.0421387846966544,0.027104048024042243,-0.006471264468897142,-0.06410981898233975,44
lag6,0.005167489449979405,-0.04822505527614097,-0.03839155441699224,0.044978934125043835,0.03032451870012958,0.0421387846966544,1.0,0.04453001127356457,0.03853197621262474,0.031338572340609945,44
lag7,0.15156718820945092,0.002755169842382896,-0.04973994531892966,-0.04000641102776253,0.045776980250017175,0.027104048024042243,0.04453001127356457,1.0,0.1070672333275726,0.14437675967699334,44
diff1,0.6925202380682597,-0.6949891232838333,-0.008377978598299972,0.0070614618775585005,-0.05897840550612228,-0.006471264468897142,0.03853197621262474,0.1070672333275726,1.0,0.502096064111877,44
diff2,0.694451219907508,-0.0033548483007473616,-0.6981127472478299,-0.0011094221536513326,-0.05187298465583257,-0.06410981898233975,0.031338572340609945,0.14437675967699334,0.502096064111877,1.0,44
udsVentaT,1.0,0.013794471206070177,0.013674998918152523,0.08656625910088948,0.0468714242265286,0.03742105329124844,0.00012578611203611548,0.20733198620287466,0.7022127629123303,0.7041527998509061,45
lag1,0.013794471206070177,1.0,0.010961631683673036,0.01513709755311213,0.0880217800386885,0.049751584724551906,0.041708820998862965,-0.004225349950495077,-0.7022127629123287,0.002063353447431178,45
lag2,0.013674998918152523,0.010961631683673036,1.0,0.014899274551065246,0.01790637329940262,0.0931822554132388,0.05672058077471363,0.03404787776366364,0.0019320121890309576,-0.7003527899195107,45
lag3,0.08656625910088948,0.01513709755311213,0.014899274551065246,1.0,0.014275417698437471,0.016957188665416737,0.09181426709528462,0.05856149781198442,0.05086005646745438,0.051216306617701074,45
lag4,0.0468714242265286,0.0880217800386885,0.01790637329940262,0.014275417698437471,1.0,0.014501683615319077,0.01743542756279873,0.09184675840758459,-0.029300489812725993,0.020744222550283225,45
lag5,0.03742105329124844,0.049751584724551906,0.0931822554132388,0.016957188665416737,0.014501683615319077,1.0,0.016426590306295206,0.016554447597386557,-0.008779768814058637,-0.03945657700962969,45
lag6,0.00012578611203611548,0.041708820998862965,0.05672058077471363,0.09181426709528462,0.01743542756279873,0.016426590306295206,1.0,0.014625686319166258,-0.029608572417828945,-0.04018833394929936,45
lag7,0.20733198620287466,-0.004225349950495077,0.03404787776366364,0.05856149781198442,0.09184675840758459,0.016554447597386557,0.014625686319166258,1.0,0.1506362083736309,0.12382885777657532,45
diff1,0.7022127629123303,-0.7022127629123287,0.0019320121890309576,0.05086005646745438,-0.029300489812725993,-0.008779768814058637,-0.029608572417828945,0.1506362083736309,1.0,0.49991219434096934,45
diff2,0.7041527998509061,0.002063353447431178,-0.7003527899195107,0.051216306617701074,0.020744222550283225,-0.03945657700962969,-0.04018833394929936,0.12382885777657532,0.49991219434096934,1.0,45
udsVentaT,1.0,0.06132706445888037,0.1861336239975368,0.1549337434384933,0.11785444864168683,0.1360427283090868,0.04362976616470784,0.24410801099802545,0.6851634032028192,0.6380116234496992,46
lag1,0.06132706445888037,1.0,0.05920894016629699,0.18404194265137577,0.15501732329229165,0.11574173168197809,0.13514528150896749,0.04149620997875678,-0.6849993051154493,0.0016702054101870292,46
lag2,0.1861336239975368,0.05920894016629699,1.0,0.05920894016629699,0.18109904564501147,0.15501732329229165,0.11438755953951443,0.1351452815089675,0.0926537185978541,-0.6378146677780994,46
lag3,0.1549337434384933,0.18404194265137577,0.05920894016629699,1.0,0.05633590446484027,0.18109904564501159,0.15368574935147017,0.11438755953951445,-0.02121813185882736,0.07504743029837968,46
lag4,0.11785444864168683,0.15501732329229165,0.18109904564501147,0.05633590446484027,1.0,0.053455722584364,0.18023131946720214,0.1507442730898835,-0.027101869104579818,-0.04954665843157995,46
lag5,0.1360427283090868,0.11574173168197809,0.15501732329229165,0.18109904564501159,0.053455722584364,1.0,0.05206133307847101,0.1802313194672023,0.014835950788540527,-0.014848231622524617,46
lag6,0.04362976616470784,0.13514528150896749,0.11438755953951443,0.15368574935147017,0.18023131946720214,0.05206133307847101,1.0,0.05066273246599586,-0.06677789212190438,-0.0554472460693258,46
lag7,0.24410801099802545,0.04149620997875678,0.1351452815089675,0.11438755953951445,0.1507442730898835,0.1802313194672023,0.05066273246599586,1.0,0.14789634085304423,0.08543710117314113,46
diff1,0.6851634032028192,-0.6849993051154493,0.0926537185978541,-0.02121813185882736,-0.027101869104579818,0.014835950788540527,-0.06677789212190438,0.14789634085304423,1.0,0.4644770756654178,46
diff2,0.6380116234496992,0.0016702054101870292,-0.6378146677780994,0.07504743029837968,-0.04954665843157995,-0.014848231622524617,-0.0554472460693258,0.08543710117314113,0.4644770756654178,1.0,46
udsVentaT,1.0,0.13981169130777088,0.18108372806600181,0.13377431963464645,0.09163717416640534,0.140702970117437,0.09870437525077629,0.26862732688061497,0.655815640516536,0.6398891591260152,47
lag1,0.13981169130777088,1.0,0.13981169130777088,0.18108372806600181,0.13360212317163386,0.09169093526318697,0.14078131481197872,0.09870437525077629,-0.655815640516536,5.465673454196113e-18,47
lag2,0.18108372806600181,0.13981169130777088,1.0,0.13981169130777088,0.1771048402612563,0.13117740080430418,0.09112755683605687,0.14078131481197872,0.03146618821542888,-0.6398891591260154,47
lag3,0.13377431963464645,0.18108372806600181,0.13981169130777088,1.0,0.13591261332172963,0.17467826823967494,0.13063196176658598,0.09112755683605686,-0.03606913704748899,-0.0047175136404644736,47
lag4,0.09163717416640534,0.13360212317163386,0.1771048402612563,0.13591261332172963,1.0,0.1369956689530957,0.1720164011838498,0.12672515390453504,-0.03199447101640935,-0.06678318023982903,47
lag5,0.140702970117437,0.09169093526318697,0.13117740080430418,0.17467826823967494,0.1369956689530957,1.0,0.1352458580773364,0.16957305878084591,0.037367235413634764,0.007443140094874569,47
lag6,0.09870437525077629,0.14078131481197872,0.09112755683605687,0.13063196176658598,0.1720164011838498,0.1352458580773364,1.0,0.13469801879822846,-0.032079853667458726,0.005920414736411686,47
lag7,0.26862732688061497,0.09870437525077629,0.14078131481197872,0.09112755683605686,0.12672515390453504,0.16957305878084591,0.13469801879822846,1.0,0.12955085326724122,0.09989699797637902,47
diff1,0.655815640516536,-0.655815640516536,0.03146618821542888,-0.03606913704748899,-0.03199447101640935,0.037367235413634764,-0.032079853667458726,0.12955085326724122,1.0,0.4878575010974299,47
diff2,0.6398891591260152,5.465673454196113e-18,-0.6398891591260154,-0.0047175136404644736,-0.06678318023982903,0.007443140094874569,0.005920414736411686,0.09989699797637902,0.4878575010974299,1.0,47
udsVentaT,1.0,0.07564609076931088,0.08550865007528022,0.05590372078775474,0.0939730388380504,0.09229561271162492,0.06114387427443106,0.28422372746501456,0.6794371774727258,0.6746673026793893,48
lag1,0.07564609076931088,1.0,0.07876939664829839,0.08587565712257687,0.059092178457130946,0.09505671909150254,0.09976849146306635,0.05886872110070994,-0.6802345741102056,-0.002527191924641505,48
lag2,0.08550865007528022,0.07876939664829839,1.0,0.07879336667100897,0.09097369820722291,0.06069951270168108,0.10680666214165431,0.09627232933339774,0.004895637041119242,-0.6777286469273892,48
lag3,0.05590372078775474,0.08587565712257687,0.07879336667100897,1.0,0.07881475304934588,0.09060533808204892,0.05760913964556596,0.1078015127849593,-0.02209605422543739,-0.01711511753649416,48
lag4,0.0939730388380504,0.059092178457130946,0.09097369820722291,0.07881475304934588,1.0,0.08035702458322898,0.10236995218978957,0.054263696896888605,0.025597140613835924,0.0019569953528612272,48
lag5,0.09229561271162492,0.09505671909150254,0.06069951270168108,0.09060533808204892,0.08035702458322898,1.0,0.08245702875801006,0.10171600199952083,-0.002100158710953008,0.023147215534019855,48
lag6,0.06114387427443106,0.09976849146306635,0.10680666214165431,0.05760913964556596,0.10236995218978957,0.08245702875801006,1.0,0.07649709327863376,-0.028466945461274186,-0.03400104381468405,48
lag7,0.28422372746501456,0.05886872110070994,0.09627232933339774,0.1078015127849593,0.054263696896888605,0.10171600199952083,0.07649709327863376,1.0,0.1656149945353318,0.13843946917240782,48
diff1,0.6794371774727258,-0.6802345741102056,0.004895637041119242,-0.02209605422543739,0.025597140613835924,-0.002100158710953008,-0.028466945461274186,0.1656149945353318,1.0,0.49780805682412976,48
diff2,0.6746673026793893,-0.002527191924641505,-0.6777286469273892,-0.01711511753649416,0.0019569953528612272,0.023147215534019855,-0.03400104381468405,0.13843946917240782,0.49780805682412976,1.0,48
udsVentaT,1.0,0.20703009474013592,0.17238224967200283,0.041171247015937225,0.08461877566910152,0.02583948943752704,-0.006649346899798771,0.14031866947603613,0.6295718926016737,0.641998515222434,49
lag1,0.20703009474013592,1.0,0.20835373751436112,0.1704899130365174,0.04007178451129058,0.08627205745749189,0.02901447076271305,-0.00851520438626546,-0.6297691195808859,-0.0014824650903843821,49
lag2,0.17238224967200283,0.20835373751436112,1.0,0.20472508638932507,0.16867858093301258,0.04502806332892436,0.09386291986083055,0.025835056884065986,-0.028594844283286895,-0.6445592454882165,49
lag3,0.041171247015937225,0.1704899130365174,0.20472508638932507,1.0,0.2041875244224489,0.16516524765291146,0.04044486802527599,0.09386291986083058,-0.10270485906607855,-0.1273933322785568,49
lag4,0.08461877566910152,0.04007178451129058,0.16867858093301258,0.2041875244224489,1.0,0.20230721379020322,0.16237487212892818,0.039839645302066,0.03536306762018878,-0.06561342983929283,49
lag5,0.02583948943752704,0.08627205745749189,0.04502806332892436,0.16516524765291146,0.20230721379020322,1.0,0.20878492298959805,0.15886055322690715,-0.04799661196662786,-0.014992014939087165,49
lag6,-0.006649346899798771,0.02901447076271305,0.09386291986083055,0.04044486802527599,0.16237487212892818,0.20878492298959805,1.0,0.20308713833771475,-0.02832125518743683,-0.07821998263090209,49
lag7,0.14031866947603613,-0.00851520438626546,0.025835056884065986,0.09386291986083058,0.039839645302066,0.15886055322690715,0.20308713833771475,1.0,0.11817316289064578,0.08880272653735559,49
diff1,0.6295718926016737,-0.6297691195808859,-0.028594844283286895,-0.10270485906607855,0.03536306762018878,-0.04799661196662786,-0.02832125518743683,0.11817316289064578,1.0,0.5109140914037626,49
diff2,0.641998515222434,-0.0014824650903843821,-0.6445592454882165,-0.1273933322785568,-0.06561342983929283,-0.014992014939087165,-0.07821998263090209,0.08880272653735559,0.5109140914037626,1.0,49
udsVentaT,1.0,0.04698819935888084,0.07772790164852042,0.018339732069395563,0.03718548583764962,0.12011948916565349,0.024735458264249152,0.21380378608405762,0.6905272116729618,0.6781633122764922,50
lag1,0.04698819935888084,1.0,0.03838905784020314,0.0801905710944481,0.015081621799607658,0.03760842691360962,0.11695711520611198,0.022396025263535017,-0.6900608526362961,0.006259767190333558,50
lag2,0.07772790164852042,0.03838905784020314,1.0,0.037475314232193,0.08674004501191289,0.014904996683254106,0.05560468481857849,0.10591802998497334,0.028520124171960492,-0.6799756297971341,50
lag3,0.018339732069395563,0.0801905710944481,0.037475314232193,1.0,0.03578354517267477,0.08674004501191286,0.01002889753782584,0.058908175915704825,-0.04477840884659783,-0.014136469596915668,50
lag4,0.03718548583764962,0.015081621799607658,0.08674004501191289,0.03578354517267477,1.0,0.035431930939245376,0.09547451542665915,0.006288958048815044,0.01602210916563692,-0.03659124730731524,50
lag5,0.12011948916565349,0.03760842691360962,0.014904996683254106,0.08674004501191286,0.035431930939245376,1.0,0.034389202549056676,0.09620313597531173,0.05980027897766276,0.07735596147835597,50
lag6,0.024735458264249152,0.11695711520611198,0.05560468481857849,0.01002889753782584,0.09547451542665915,0.034389202549056676,1.0,0.03262172091727884,-0.0667672584816937,-0.022796579460352052,50
lag7,0.21380378608405762,0.022396025263535017,0.10591802998497334,0.058908175915704825,0.006288958048815044,0.09620313597531173,0.03262172091727884,1.0,0.1386947866022515,0.0791675200037592,50
diff1,0.6905272116729618,-0.6900608526362961,0.028520124171960492,-0.04477840884659783,0.01602210916563692,0.05980027897766276,-0.0667672584816937,0.1386947866022515,1.0,0.4868316169571522,50
diff2,0.6781633122764922,0.006259767190333558,-0.6799756297971341,-0.014136469596915668,-0.03659124730731524,0.07735596147835597,-0.022796579460352052,0.0791675200037592,0.4868316169571522,1.0,50
